age,monthly_income,employment_status,num_loans,num_defaults,num_paid_loans,on_time_payment_rate,num_vouches,num_savings,total_saved,is_verified,num_mobile_accounts,loan_amount,loan_duration_days,target
63,497435,3,6,1,5,0.76,1,17,1271,0,1,197188,60,1
39,453736,3,10,3,7,0.93,7,12,157332,1,2,409173,180,0
43,164470,0,9,2,7,0.81,6,13,29303,0,1,290485,30,0
49,268695,1,10,0,10,0.97,6,4,108978,0,2,191393,180,0
45,174695,1,7,3,4,0.92,1,16,3832,1,2,250072,60,1
25,419828,0,6,3,3,0.76,0,0,157483,0,2,333865,90,0
39,189905,0,10,1,9,0.58,6,5,116254,0,0,444103,30,0
58,256960,3,1,1,0,0.79,0,6,171692,1,2,149883,60,0
59,450255,3,1,0,1,0.95,5,19,173078,0,0,160203,90,0
63,352450,0,9,2,7,0.91,3,11,42978,0,2,115366,30,0
48,181724,2,4,1,3,0.63,4,12,22923,0,1,119054,180,0
56,400531,1,6,1,5,0.54,6,10,183989,1,0,185555,30,0
64,53503,3,8,3,5,0.72,2,14,17275,1,2,90003,30,0
60,128570,1,6,3,3,0.85,0,16,76403,0,0,221650,30,0
44,318991,2,10,3,7,0.83,5,18,74147,0,0,407693,30,0
35,43797,1,10,1,9,0.75,7,14,185205,1,1,172233,90,0
56,262887,3,2,0,2,0.96,6,10,157631,0,0,480390,30,0
39,183264,0,7,0,7,0.82,2,10,180140,1,2,265608,30,1
28,192792,3,7,0,7,0.77,2,2,72848,0,1,89206,30,0
46,37067,3,6,0,6,0.9,0,0,60232,1,0,412409,60,0
43,282423,0,4,1,3,0.67,7,17,67125,0,0,463762,90,0
23,292186,0,1,1,0,0.71,2,0,62277,1,1,296734,60,0
61,463767,1,8,2,6,0.89,7,0,151001,1,1,88197,60,1
22,379572,2,9,1,8,0.63,3,5,80390,1,1,235149,180,0
40,186758,1,9,0,9,0.69,1,7,188843,0,1,263355,60,0
37,89400,1,1,0,1,0.98,0,16,199869,0,1,321979,60,0
56,353296,0,2,1,1,1.0,2,19,110240,1,2,175313,60,0
20,428507,0,9,0,9,0.68,5,4,185520,1,0,62455,60,0
28,292912,1,2,2,0,0.88,6,3,65994,1,2,263915,30,0
53,83729,3,8,0,8,0.51,7,19,76613,0,2,478222,60,0
65,109694,3,9,1,8,0.67,4,19,177935,0,0,23494,90,0
36,112167,2,6,3,3,0.95,3,13,179663,0,1,92390,90,0
40,26901,0,9,2,7,0.59,3,3,185342,0,1,395388,90,0
21,492244,3,7,2,5,0.54,1,5,91647,0,2,46476,180,0
65,287617,1,7,0,7,0.51,4,2,196340,1,0,407614,60,0
34,385934,0,0,0,0,0.53,7,3,56953,0,2,7896,90,1
32,192209,2,2,2,0,0.63,6,15,65072,1,1,173333,60,1
37,451790,0,4,2,2,0.86,2,18,168237,0,0,494886,60,1
29,165691,2,6,3,3,0.89,5,20,184497,1,0,340540,180,0
63,130166,3,2,2,0,0.74,1,12,149470,1,2,420467,180,0
46,180183,1,5,1,4,0.86,1,19,110922,1,2,122826,30,0
64,54451,0,4,0,4,0.63,0,15,85953,1,0,5375,60,0
58,269286,0,0,0,0,0.86,3,20,184387,0,2,22111,30,1
48,274978,3,4,1,3,0.76,1,12,66690,1,1,160058,60,0
57,76886,0,1,1,0,0.7,3,20,86155,1,2,295418,60,0
52,378437,0,3,3,0,0.59,1,7,63317,1,1,132011,60,1
56,456303,2,8,0,8,0.76,1,5,98565,0,2,478579,60,0
36,96187,3,1,1,0,0.85,3,15,125647,0,2,250030,30,1
64,309336,3,4,3,1,0.84,6,5,165624,1,2,354311,90,0
37,80446,0,2,0,2,0.71,5,20,89167,0,2,413707,60,1
32,164987,3,5,3,2,0.85,1,20,115596,0,0,47977,180,0
22,108933,1,7,1,6,0.66,0,14,22976,0,1,98424,30,0
40,223790,1,5,0,5,0.8,0,15,167019,0,2,267499,90,0
47,315453,2,6,1,5,0.75,0,9,76061,0,0,249828,90,1
26,129857,0,0,0,0,0.73,5,3,33109,0,2,398022,60,0
43,436724,1,8,0,8,0.84,3,19,75229,0,2,430439,60,0
41,182609,0,7,0,7,0.79,2,19,198298,0,1,439778,180,0
22,366839,3,8,1,7,0.82,5,16,49687,1,2,171025,30,0
18,347602,2,10,2,8,0.54,7,10,189969,1,1,402864,60,0
45,366569,3,10,2,8,0.88,5,12,11530,0,2,117428,90,0
50,122825,0,6,2,4,0.52,4,5,188841,1,2,170122,180,0
33,438143,3,6,3,3,0.78,1,6,150821,0,1,32121,30,0
64,396651,1,10,2,8,0.92,4,4,45011,0,2,407830,180,0
25,61202,0,7,2,5,0.73,5,4,180444,0,1,399568,180,1
63,493362,1,6,1,5,0.92,7,8,159179,1,1,288594,30,0
64,27495,1,10,1,9,0.7,5,20,43302,0,1,343577,90,0
24,193179,1,1,1,0,0.89,1,9,164744,0,0,126622,180,0
50,373638,1,6,3,3,0.67,3,7,85940,0,0,337001,60,1
23,118046,1,7,3,4,0.7,7,15,1016,1,1,266928,60,0
27,126823,0,10,3,7,0.99,7,17,102315,0,1,149421,180,1
29,446840,1,0,0,0,0.95,0,6,302,0,1,15910,180,0
40,262676,1,0,0,0,0.96,5,11,163543,0,0,90441,90,0
32,74861,2,4,1,3,0.9,6,6,4958,0,1,17817,180,0
51,130606,1,6,3,3,0.77,2,17,102199,1,1,499756,60,1
52,77096,3,1,0,1,0.82,0,4,95931,1,1,411358,180,1
27,340134,1,7,3,4,0.63,4,15,167861,1,0,415701,30,0
45,458744,3,9,1,8,0.59,3,16,179837,1,2,106306,30,0
59,209025,2,9,0,9,0.65,3,19,62712,0,0,37865,90,0
19,218946,1,2,2,0,0.87,6,13,27718,0,0,299361,90,0
23,339814,2,1,0,1,0.61,6,1,65615,0,0,316117,90,1
30,104740,1,5,0,5,0.56,6,14,195347,1,1,433069,90,0
62,180723,3,3,2,1,0.98,4,1,39512,0,2,446166,60,1
36,346063,3,1,1,0,0.86,7,3,126593,0,2,98993,90,1
60,48596,0,10,2,8,0.52,5,9,176707,0,2,297910,180,1
33,379862,1,0,0,0,0.97,3,16,57204,0,0,483713,30,0
62,148603,3,8,1,7,0.66,0,2,27235,1,2,440077,90,0
38,193573,3,1,0,1,0.52,4,12,35672,1,1,87029,60,0
18,385058,2,1,1,0,0.59,2,11,199609,0,2,136284,90,0
26,382536,0,0,0,0,0.81,2,18,135357,0,0,485024,60,0
26,124359,1,0,0,0,0.66,5,9,80263,1,2,389287,90,0
40,352802,0,3,1,2,0.95,6,11,173202,1,2,435652,180,0
38,397976,2,5,0,5,0.54,0,1,153184,1,0,70777,30,0
59,473083,3,6,0,6,0.8,4,6,164855,0,0,293880,180,1
35,400864,1,9,2,7,0.8,5,2,71867,0,0,431739,60,1
62,489827,0,5,3,2,0.99,0,8,5522,1,0,77859,90,0
19,319881,0,10,1,9,0.77,2,3,9398,0,1,14238,30,0
35,407326,1,3,3,0,0.72,2,16,75265,1,0,269759,30,0
63,158554,3,9,1,8,0.63,4,18,7002,0,1,156582,180,0
50,93588,0,10,2,8,0.86,3,7,145988,0,0,184471,90,0
33,442891,0,6,1,5,0.8,2,8,27432,0,1,482123,60,1
52,397752,0,4,1,3,0.63,4,6,25298,1,1,348956,60,1
41,109487,3,5,3,2,0.82,7,17,85897,1,1,426174,180,0
43,230332,2,2,0,2,0.97,0,5,111118,1,1,44957,30,1
23,354388,3,10,3,7,0.87,1,8,188964,0,1,57279,180,0
55,91649,2,3,3,0,0.93,6,12,73840,1,2,334280,180,0
18,285440,0,8,2,6,0.76,6,7,122863,0,1,108280,90,0
20,112488,2,9,0,9,0.55,0,15,36621,0,2,313796,60,0
61,24451,2,10,1,9,0.86,4,8,141348,1,0,362508,30,0
41,59367,2,5,1,4,0.56,0,18,66332,0,0,459152,180,0
63,50932,3,9,2,7,0.73,7,18,93588,0,1,446069,90,0
18,280124,1,4,2,2,0.52,0,19,17018,0,1,25361,60,0
33,380748,0,1,1,0,0.87,2,3,47178,0,2,270896,30,0
64,39088,3,10,0,10,0.5,5,14,136666,0,2,316338,90,0
56,303154,1,10,1,9,0.53,3,16,165761,0,2,410310,30,1
31,290067,2,4,0,4,0.9,6,18,43154,1,0,328654,90,1
49,76593,0,0,0,0,0.85,1,5,130163,1,1,496267,30,1
60,148024,0,6,2,4,0.53,7,17,182364,0,2,215317,90,0
57,192258,1,10,2,8,0.58,1,7,78365,1,2,440140,30,0
37,167475,2,0,0,0,0.51,1,7,99789,1,2,450633,90,0
61,146112,0,10,3,7,0.72,6,20,110479,0,2,211863,90,0
42,175037,2,10,3,7,0.88,1,20,58505,1,1,184004,90,0
48,189815,2,0,0,0,0.56,7,16,65036,1,2,364438,60,0
26,276603,2,1,0,1,0.85,3,7,86599,1,2,52462,30,1
37,165862,3,6,0,6,0.61,5,0,10825,0,2,318204,90,1
24,439461,1,7,0,7,0.67,4,0,78460,1,2,200293,30,0
42,79721,2,10,2,8,0.88,6,0,122694,1,2,465758,60,0
32,116239,3,7,0,7,0.62,3,5,37086,0,1,493866,30,0
42,80778,2,6,3,3,0.64,7,16,196266,0,0,236122,60,0
30,321398,3,3,2,1,0.87,0,14,134016,1,0,474336,90,0
62,482155,3,2,1,1,0.89,0,10,83306,1,2,78409,30,0
33,385412,3,5,3,2,0.51,1,12,73086,0,2,476856,30,1
38,434469,0,1,0,1,0.56,1,0,161427,1,1,449360,60,0
28,182613,1,9,1,8,0.6,1,0,178029,0,0,277044,90,0
60,29799,2,4,0,4,0.92,3,2,10940,1,0,418043,60,0
28,112942,1,1,1,0,0.9,5,20,10544,0,1,339567,30,0
40,490077,2,7,1,6,0.52,7,0,137163,1,1,264061,30,1
52,400132,1,10,0,10,0.53,4,8,14317,1,1,195250,30,1
46,403116,3,8,3,5,0.57,5,6,137242,0,1,238897,60,0
40,246131,2,10,1,9,0.64,5,17,110234,0,0,366821,180,0
31,96122,2,0,0,0,0.58,3,6,101801,1,1,358947,180,0
52,483257,0,10,0,10,0.89,0,8,122407,1,0,202577,90,1
27,174837,3,5,2,3,0.92,5,8,178265,0,0,349940,60,1
52,82249,1,6,3,3,0.67,7,4,1445,1,1,163633,60,0
21,137263,0,0,0,0,0.59,3,10,164035,0,2,257542,30,1
34,245481,2,7,3,4,0.85,4,10,98549,1,2,12027,90,0
59,81620,2,1,0,1,0.68,2,2,134521,0,1,170078,60,1
51,254353,1,2,1,1,0.71,3,8,52922,1,2,33121,180,0
57,283159,1,2,1,1,0.53,2,1,145845,1,2,203442,30,0
26,238564,3,7,1,6,0.72,7,14,101671,0,2,197656,90,0
23,389056,1,4,3,1,0.64,1,17,48979,0,1,278712,90,0
25,32326,3,2,2,0,0.53,3,14,33715,0,2,401885,90,0
41,416687,0,5,0,5,0.75,3,7,166855,1,0,332366,90,1
64,123970,2,1,0,1,0.79,0,16,114734,1,0,491579,180,1
30,158703,3,9,1,8,0.54,3,0,83246,1,1,207341,90,0
37,450119,3,5,2,3,0.51,3,7,180822,1,2,26441,30,0
63,55899,1,0,0,0,0.54,5,5,155830,0,1,106681,180,0
63,290744,2,6,1,5,0.58,3,17,87050,0,1,353951,90,0
43,330346,3,6,0,6,0.65,1,17,173637,0,2,128325,60,0
27,353640,2,4,0,4,0.73,4,12,126100,1,2,96065,30,1
65,479663,2,4,1,3,0.69,3,18,114443,0,1,262767,60,0
33,166000,1,6,0,6,1.0,6,6,135191,1,2,434861,180,1
26,320875,0,9,2,7,0.62,6,17,6,0,2,391202,180,0
33,152156,1,8,0,8,0.57,0,8,195231,0,2,32663,30,0
18,30491,2,6,1,5,0.78,2,3,156408,1,0,483412,60,1
30,109062,1,3,1,2,0.89,4,7,154300,0,1,101107,60,0
34,341719,0,1,1,0,0.59,3,2,179902,0,1,140801,180,0
39,427258,3,3,2,1,0.8,6,4,99807,1,0,217587,90,0
29,244626,1,6,3,3,0.78,0,11,93477,1,0,268372,30,0
29,259984,0,1,1,0,0.97,1,12,184168,0,2,357544,60,0
42,327663,1,2,2,0,0.93,7,10,93094,0,1,80825,90,0
44,107120,3,3,3,0,0.64,7,2,27527,0,1,237102,60,0
39,373287,1,6,1,5,0.61,1,10,121380,0,1,52162,60,0
40,468573,0,7,3,4,0.77,3,6,130243,0,1,330628,60,0
41,373191,0,9,1,8,0.76,0,12,137283,1,1,29564,30,0
25,56805,2,2,0,2,0.84,6,7,166685,0,1,481616,180,0
59,59357,2,10,1,9,0.65,1,14,136480,0,2,289811,90,1
29,299286,3,0,0,0,0.82,0,10,80925,1,1,31536,180,1
39,390058,3,1,1,0,0.6,7,15,71108,0,1,194751,180,0
54,34992,1,8,1,7,0.89,6,20,133403,0,0,213510,30,0
30,180448,3,4,3,1,0.69,3,7,38056,0,1,398114,90,0
34,61253,3,3,2,1,0.56,0,19,110247,1,2,209630,60,0
35,87672,3,3,2,1,0.93,2,20,8306,1,2,292525,60,1
38,25771,2,9,1,8,0.85,5,15,34130,1,1,9612,60,0
25,230275,3,4,2,2,0.59,7,7,72075,1,1,376974,180,1
27,202095,1,1,0,1,0.62,0,17,180775,1,1,89267,180,0
62,147471,3,8,0,8,0.95,7,1,84663,0,0,232424,90,0
25,411679,3,1,0,1,0.69,5,3,193279,1,1,419555,30,1
48,343018,0,6,3,3,0.67,3,8,122809,0,0,333009,30,0
35,76784,2,5,2,3,0.86,5,19,163887,0,1,298324,180,0
57,342352,3,3,0,3,0.66,5,17,172627,1,0,444590,30,0
48,377589,1,2,2,0,0.66,1,8,117073,1,0,156484,30,0
41,120389,0,6,2,4,0.8,0,4,81619,1,2,391460,90,0
60,246129,2,9,3,6,0.63,7,18,64964,1,2,479735,60,0
41,168252,2,10,2,8,0.56,0,0,164751,0,1,217325,60,0
43,88008,3,1,1,0,0.67,5,17,115865,0,1,476673,180,0
41,368994,0,8,0,8,0.88,0,18,46267,1,2,110320,90,1
47,246120,1,9,0,9,0.9,3,14,75452,0,1,385496,180,0
58,232934,0,4,0,4,0.7,1,19,133334,0,2,75293,90,1
18,258606,3,10,2,8,0.81,3,14,197203,0,1,301278,30,0
58,228618,2,1,0,1,0.57,1,0,11999,1,2,7547,180,0
23,325556,1,10,0,10,0.68,2,17,126661,1,2,149142,60,0
20,160262,0,3,2,1,0.58,2,20,188436,0,2,415400,180,1
36,346782,2,5,3,2,0.97,6,0,138629,1,1,25330,90,0
33,199359,1,2,0,2,0.53,0,9,58645,0,2,41110,30,0
32,257344,3,10,2,8,0.56,1,9,81868,0,2,112584,180,0
59,278814,3,5,1,4,0.72,2,14,63692,0,2,420697,30,0
49,124641,2,5,3,2,0.69,5,6,183056,0,0,350890,60,0
59,486969,3,9,1,8,0.71,4,18,139126,0,2,117491,60,0
64,267155,1,2,1,1,0.97,5,8,191468,0,0,21506,30,0
54,453337,3,3,3,0,0.53,5,12,41742,0,1,486587,90,0
60,56559,3,5,3,2,0.66,0,3,43804,0,1,407429,60,0
65,71175,0,10,1,9,0.71,0,19,112396,1,2,360021,60,0
44,319077,1,10,2,8,0.94,3,6,70261,0,1,85557,60,0
53,494509,0,2,2,0,0.67,5,3,174642,1,0,109376,90,0
47,55227,2,4,0,4,0.92,4,18,49753,1,0,412135,180,1
33,238056,2,5,3,2,0.75,2,3,177272,1,0,300171,90,0
35,202587,1,8,1,7,0.86,0,5,10252,0,1,202740,30,1
52,250349,2,2,1,1,0.53,6,2,12063,0,1,25517,180,1
37,105295,1,7,0,7,0.57,5,17,110042,1,0,455138,90,0
55,372522,0,7,3,4,0.94,4,17,118242,1,1,124662,60,0
27,187405,3,9,2,7,0.79,3,1,169840,1,0,350940,180,0
27,238249,2,4,0,4,0.58,3,5,151643,1,2,432387,180,1
56,294261,1,2,1,1,0.6,7,13,50741,0,1,298839,180,0
27,169555,2,2,1,1,0.8,7,20,127181,1,1,429210,30,0
31,339148,0,4,2,2,0.55,6,15,58592,1,0,327159,30,0
39,91797,2,0,0,0,0.95,0,2,123621,1,2,243216,90,1
48,414798,0,4,1,3,0.6,6,10,156006,0,1,198693,60,0
25,337348,1,3,2,1,0.61,2,10,536,1,1,499171,90,0
30,258520,1,2,2,0,0.84,7,4,29385,0,0,259349,60,0
33,378778,1,0,0,0,0.88,2,12,194732,1,2,202672,180,1
47,197364,3,8,0,8,0.88,5,10,20282,1,2,183978,90,1
37,364581,1,8,2,6,0.92,5,18,116819,0,2,69481,30,0
37,394111,1,7,1,6,0.89,0,18,111754,1,2,489993,60,0
29,30012,1,7,0,7,0.56,5,3,133210,0,1,467083,60,0
20,224336,3,9,2,7,0.52,1,15,109970,1,1,425157,180,0
61,222812,1,0,0,0,0.6,0,16,150380,1,1,358146,30,0
23,342187,1,7,3,4,0.88,0,4,89882,1,1,261877,90,0
32,104812,3,5,2,3,0.63,3,7,129852,0,1,236725,60,0
38,395957,1,5,3,2,0.94,2,0,38322,1,0,51174,180,0
60,456786,1,1,0,1,0.78,2,4,55061,1,2,316816,180,1
49,261523,3,1,0,1,0.81,3,10,126800,1,2,169579,60,1
64,436526,0,6,1,5,0.7,6,2,191481,1,1,361699,180,0
55,386974,2,9,3,6,0.59,0,19,14579,0,1,428643,30,0
38,174333,1,6,0,6,0.92,6,11,167392,1,0,34852,90,1
36,170154,1,5,1,4,0.68,3,3,194002,1,2,146025,90,0
37,297473,2,6,2,4,0.82,6,13,51092,1,1,375660,90,0
52,255684,0,1,0,1,0.71,5,19,184998,1,1,441125,60,1
22,392385,0,2,2,0,0.87,7,5,144235,1,1,159878,90,0
51,361742,1,5,0,5,0.74,3,20,175492,0,2,482178,60,0
61,24090,2,1,0,1,0.78,3,6,152451,0,0,375100,30,1
60,385183,0,6,0,6,0.81,2,2,78255,1,1,111217,30,1
62,73366,1,3,1,2,0.51,0,7,102485,0,0,70698,30,0
41,463644,1,10,1,9,0.66,3,1,10322,0,1,411163,180,0
23,107647,0,5,1,4,0.61,4,20,78928,1,2,126377,60,0
45,38456,1,5,2,3,0.86,0,9,22204,1,1,432402,90,0
31,235011,2,2,1,1,0.59,5,20,35362,0,1,418148,30,0
60,265910,3,10,3,7,0.99,5,3,173524,1,1,260375,90,0
46,498844,3,2,1,1,0.85,6,0,35,0,0,130398,60,0
51,443274,2,0,0,0,0.6,7,16,113756,1,1,263991,90,0
46,439594,1,1,1,0,0.62,0,6,193782,1,1,439847,180,0
61,29430,3,9,2,7,0.53,0,10,97666,1,2,386511,180,0
42,349497,1,5,0,5,0.97,4,16,56978,0,1,451539,180,0
59,66467,3,3,1,2,0.63,0,16,24685,1,0,98020,90,1
62,449010,2,0,0,0,0.97,6,20,114188,1,2,368716,60,1
20,74639,2,6,3,3,0.8,3,10,80144,1,1,132150,180,1
36,25914,2,10,1,9,0.85,6,9,167142,1,2,329087,180,1
27,65770,1,9,3,6,0.67,5,12,26633,1,2,217195,180,1
62,36357,0,3,0,3,0.59,6,20,70305,1,2,331332,60,0
35,178032,1,0,0,0,0.89,0,12,32619,1,0,199662,180,1
27,355927,3,7,0,7,0.88,1,5,174363,0,1,282702,60,0
63,192769,1,3,3,0,0.66,2,16,86910,0,0,407550,30,0
51,262156,0,6,2,4,0.63,4,15,146095,0,0,248031,30,0
42,420512,3,5,1,4,0.73,0,10,32594,0,1,417375,30,0
60,255348,0,6,0,6,0.6,4,6,8463,1,1,332269,30,0
64,330278,1,8,0,8,0.96,4,9,135184,1,0,115609,90,1
29,227593,1,10,2,8,0.87,1,2,154396,0,1,290830,180,0
34,116223,1,3,0,3,0.98,7,11,118314,0,0,126709,30,0
24,313500,3,3,1,2,0.95,1,13,52680,1,1,387696,30,0
60,43013,1,8,0,8,0.64,5,8,35219,1,2,131617,90,0
43,342206,0,7,2,5,0.82,4,10,68696,1,0,274535,30,1
46,21189,3,4,1,3,0.84,2,10,65037,0,0,283648,60,0
44,306666,2,10,3,7,0.69,2,9,174345,1,1,139460,30,1
21,258849,0,7,1,6,0.82,7,4,17126,1,2,169732,60,1
38,451682,2,9,2,7,0.85,2,4,77922,1,0,360888,30,1
28,281783,2,0,0,0,0.77,4,11,59119,0,1,87914,180,0
18,165003,1,10,0,10,0.96,0,3,39808,0,0,196631,30,0
59,90413,1,2,2,0,0.67,5,3,60681,1,2,86719,90,0
30,108054,2,9,2,7,0.77,6,16,134034,1,0,453838,30,0
59,298079,2,5,3,2,0.98,5,0,144941,0,1,39604,180,0
55,105454,2,5,2,3,0.86,5,15,117209,0,2,339591,60,1
20,209679,3,4,0,4,0.8,4,11,95926,0,0,93166,30,0
58,438094,2,6,2,4,0.5,6,8,73128,0,0,332800,90,0
63,90065,0,5,3,2,0.82,1,3,169427,1,1,494181,180,0
19,388695,1,7,1,6,0.6,5,4,41741,0,2,148429,90,0
29,439510,1,2,2,0,0.98,7,9,72756,0,0,401021,30,1
59,201720,0,0,0,0,0.86,3,0,60449,0,2,244167,180,0
22,425866,3,4,3,1,0.78,7,5,3582,0,2,471403,90,0
65,296808,0,3,0,3,0.53,3,8,133505,0,1,453326,30,1
34,73294,1,4,0,4,0.5,4,18,109591,1,1,251469,180,0
32,431198,3,7,2,5,1.0,6,18,75369,0,0,279982,30,0
40,431710,3,4,0,4,0.59,3,19,165997,0,0,220887,180,0
30,277216,2,3,1,2,0.59,6,5,99929,0,2,246270,180,0
29,216784,2,7,2,5,0.77,3,7,168906,0,1,137088,30,0
59,63940,1,2,1,1,0.52,2,10,12467,1,1,96911,180,1
51,246711,1,2,2,0,0.91,2,12,32191,0,2,281946,60,0
57,226338,2,7,2,5,1.0,2,7,80780,1,1,31276,90,0
22,276162,0,8,0,8,0.71,5,15,177672,1,2,69801,30,1
50,381899,3,8,0,8,0.89,4,1,118400,0,0,457546,60,0
18,37677,2,7,3,4,0.64,2,16,22960,1,0,476650,30,0
46,113977,0,4,3,1,0.53,7,5,16562,1,1,293942,30,1
45,352391,1,5,2,3,0.52,6,19,142159,1,1,106507,90,0
29,147165,2,1,1,0,0.78,3,1,108056,1,0,300765,60,1
61,492921,0,4,3,1,0.54,1,7,106245,0,1,405192,180,1
35,393070,3,8,3,5,0.76,0,3,123262,0,1,108801,60,1
28,465241,0,7,2,5,0.94,4,19,110428,1,2,220678,180,0
63,121239,0,9,3,6,0.74,5,13,147605,0,2,94055,90,0
31,146375,1,10,1,9,0.54,1,3,3824,0,2,419848,30,0
43,338436,2,8,1,7,0.54,1,15,74067,1,1,192264,30,0
64,322053,0,8,3,5,0.93,7,16,53712,1,0,454329,30,0
34,452754,2,9,0,9,0.88,2,17,102555,0,2,417235,60,0
45,305611,2,4,1,3,0.85,1,18,62495,0,2,340212,90,1
22,203209,0,2,0,2,0.63,2,0,131675,1,2,362626,30,0
39,361850,1,0,0,0,0.96,5,4,189635,1,0,14936,90,1
30,242747,3,4,1,3,0.81,7,13,89851,0,1,54106,30,1
53,182921,0,6,1,5,0.95,0,18,145475,1,1,123240,30,0
48,338447,2,9,2,7,1.0,1,19,146472,1,1,497589,30,0
48,368134,0,5,1,4,0.79,7,9,35212,1,1,310161,30,0
60,408158,0,6,1,5,0.54,7,0,101505,1,0,71696,180,0
28,49843,0,0,0,0,0.81,1,17,189808,0,0,148372,30,0
38,127133,1,8,2,6,0.96,7,0,52201,1,1,342053,90,0
33,148268,0,3,1,2,0.56,2,3,70669,1,1,31941,90,1
26,448047,3,5,1,4,0.62,7,13,76405,1,2,145484,90,0
57,422876,2,9,0,9,0.76,0,17,120949,0,2,15059,90,0
45,256324,2,10,2,8,0.88,3,6,154667,0,0,496547,30,0
34,289096,0,9,2,7,0.74,1,5,186009,0,1,494014,60,0
23,243435,2,9,2,7,0.62,6,5,178171,0,2,452653,60,0
53,255658,0,10,2,8,0.76,5,7,4192,0,1,86472,90,0
36,80242,0,4,2,2,0.67,2,10,67233,0,0,190890,60,0
18,330429,0,0,0,0,0.86,1,9,120498,0,0,136207,90,0
63,433651,0,8,2,6,0.74,0,0,147908,1,1,95607,30,0
62,482384,2,0,0,0,0.71,0,8,50587,1,1,432239,60,1
45,34797,3,9,2,7,0.57,0,3,151791,1,2,86065,60,0
43,174882,2,5,0,5,0.72,7,1,67972,1,0,267112,30,1
24,464580,3,9,3,6,0.77,5,6,28669,1,0,233790,30,0
46,197452,2,3,0,3,0.79,1,11,120893,1,0,252425,180,1
42,61062,2,4,3,1,0.69,3,1,57018,1,1,236362,60,0
18,293659,3,5,2,3,0.64,0,11,144524,0,1,65139,90,1
55,58296,0,2,0,2,0.56,5,14,54404,0,0,279029,180,0
63,94695,0,0,0,0,0.63,3,2,41063,0,1,310935,90,0
54,207155,0,6,3,3,0.93,6,3,150073,1,2,492673,180,0
49,180821,1,1,1,0,0.97,0,16,70132,0,2,229875,30,0
62,436565,0,1,1,0,0.71,2,12,92929,1,0,185634,90,1
18,198505,0,0,0,0,0.7,4,8,8033,1,0,307131,30,0
52,300193,3,6,2,4,0.9,6,3,168764,1,2,208176,90,0
42,358140,1,6,3,3,0.6,5,1,85425,0,2,243487,90,1
37,166524,2,1,0,1,0.73,0,18,182362,0,0,325688,30,1
42,491298,1,0,0,0,0.67,0,7,184765,1,2,193467,30,1
21,205168,2,9,1,8,0.58,1,1,184555,1,2,94855,90,0
41,407857,0,4,0,4,0.62,6,19,85951,1,0,117580,90,0
41,441760,1,2,2,0,0.51,3,8,121663,0,0,334514,180,0
51,471780,2,6,0,6,0.67,0,16,60721,1,0,408234,30,1
60,429126,1,6,0,6,0.97,2,14,83652,1,2,496346,60,1
50,132385,2,10,2,8,0.73,6,9,63466,1,1,167995,60,0
46,246971,0,5,0,5,0.57,4,18,14393,1,2,379360,30,0
18,211291,3,9,3,6,0.86,1,17,7123,0,1,120606,30,0
53,422116,0,10,0,10,0.96,5,1,54471,0,0,56203,30,0
53,498160,1,4,2,2,0.7,4,20,124512,1,1,114554,180,0
19,275578,3,0,0,0,0.93,2,8,20518,1,0,33759,60,1
46,291699,0,7,3,4,0.66,4,14,74927,1,0,88960,180,0
48,135864,1,9,2,7,0.53,5,8,83475,1,0,150629,30,1
38,87567,3,9,1,8,0.52,2,14,167790,1,1,433916,30,1
57,359193,2,3,3,0,0.8,3,16,50829,0,1,259048,180,0
20,203161,2,0,0,0,0.92,3,17,198678,1,0,408341,180,1
58,75066,3,4,1,3,0.74,0,19,142808,0,1,489418,60,0
39,157780,1,4,3,1,0.65,0,7,184642,1,1,153128,180,0
33,127730,3,1,1,0,0.59,2,9,23776,0,1,68380,90,0
58,283204,1,0,0,0,0.82,4,10,180039,1,0,50383,180,1
18,282871,2,1,1,0,0.63,6,15,168174,0,1,305079,60,0
44,256364,3,0,0,0,0.63,0,12,122523,1,0,158211,180,0
22,228067,1,7,1,6,0.88,5,2,170793,0,1,474265,90,0
28,81365,0,8,3,5,0.57,7,19,129327,1,0,108863,90,1
28,197697,2,0,0,0,0.54,6,18,19303,0,2,166800,180,0
24,327615,3,10,0,10,0.76,2,16,48921,0,0,181988,180,0
28,381839,0,7,0,7,0.77,3,7,29909,0,1,251195,30,0
36,403690,1,9,2,7,0.79,3,16,130633,1,0,164939,90,1
34,53892,3,5,1,4,0.79,4,0,21433,1,2,151119,30,0
39,481425,3,5,1,4,0.79,0,7,37057,1,0,108339,60,0
45,277890,2,8,3,5,0.86,3,17,163232,0,2,185345,180,0
57,254951,0,3,2,1,0.51,1,0,134891,1,0,454341,90,0
36,245141,0,8,0,8,0.55,5,2,46230,1,2,372911,60,1
41,196646,0,2,0,2,0.88,7,12,170790,1,1,234463,180,1
49,405508,0,3,3,0,0.78,4,18,135032,0,1,19050,30,0
43,50570,3,5,3,2,0.66,1,7,43789,0,2,6378,180,0
22,53150,1,10,0,10,0.52,7,3,5959,0,1,54742,30,0
36,166411,0,8,3,5,0.81,0,12,176954,1,1,409377,30,0
42,215770,0,8,1,7,0.81,4,1,21627,0,0,150699,60,0
61,465221,3,5,2,3,0.52,0,0,33525,0,1,349167,180,0
24,20220,2,4,2,2,0.7,4,20,85401,0,1,384040,180,0
51,296292,0,6,2,4,0.72,2,3,131925,1,2,76950,30,0
50,295513,2,8,2,6,0.93,5,6,181906,1,0,229167,30,1
20,193046,1,4,0,4,0.65,7,14,190817,0,0,332319,90,0
36,401414,0,10,2,8,0.69,5,11,31368,0,2,458369,90,0
44,298715,2,8,2,6,0.54,2,9,154773,0,2,484284,90,0
60,312447,2,4,1,3,0.96,2,14,90761,0,2,433752,30,0
30,450912,2,3,0,3,0.6,3,0,70771,0,1,76346,90,0
39,375427,0,0,0,0,0.79,1,13,95956,0,0,394186,30,0
41,227168,1,8,1,7,0.75,3,3,159009,1,1,206207,90,0
49,87836,3,4,2,2,0.87,3,18,60139,1,0,463168,90,0
30,78648,0,3,3,0,0.76,6,7,132917,1,0,284530,180,1
47,398789,3,6,1,5,0.64,5,9,122232,0,2,345239,180,1
57,243658,3,6,1,5,0.74,1,17,19166,1,0,248153,60,1
24,136391,2,10,2,8,0.59,0,11,157134,1,0,326194,180,0
33,235953,2,9,1,8,0.51,7,11,140446,0,2,78130,90,0
29,176857,1,10,1,9,0.64,3,19,69623,0,2,151642,180,0
49,222200,3,2,1,1,0.7,3,8,53501,0,1,347823,30,0
45,494135,0,3,2,1,0.63,7,11,91262,1,1,352941,90,0
43,425142,1,0,0,0,0.77,5,5,198483,1,2,272652,30,1
63,264180,2,7,3,4,0.57,7,9,83188,1,0,237734,30,0
25,292431,2,6,1,5,0.7,3,10,189869,0,1,224519,180,0
45,348453,2,6,3,3,0.58,4,5,182445,0,2,383873,180,0
57,394200,0,7,0,7,0.76,5,12,2731,1,2,349413,30,0
18,425930,2,1,0,1,0.8,3,12,166077,1,2,446286,60,1
35,228503,0,2,0,2,0.71,0,8,26824,0,0,289278,30,0
20,416373,1,7,2,5,0.61,3,10,48220,0,0,47000,180,0
38,65163,3,10,3,7,0.89,0,13,167735,1,1,54231,30,0
46,379608,3,8,2,6,0.86,7,7,158596,1,1,401389,180,0
51,61334,3,9,3,6,0.69,2,9,16886,1,2,411655,90,0
27,333947,3,5,3,2,0.89,1,6,82702,1,2,153661,90,1
32,95002,0,9,1,8,0.59,2,7,169149,0,1,428251,60,0
36,136912,2,5,3,2,0.86,5,1,33250,1,2,321776,90,1
29,64746,0,6,1,5,0.98,1,12,17532,1,1,478128,180,0
25,417017,2,10,1,9,0.92,7,0,41058,1,2,445035,90,0
19,369483,2,7,1,6,0.54,7,12,122674,1,0,438547,60,0
64,147222,0,8,0,8,0.84,5,20,142146,0,2,152682,90,0
19,369349,1,0,0,0,0.61,0,7,108449,0,1,20863,60,0
60,411066,0,7,3,4,0.69,4,19,187595,0,2,252630,60,0
59,365903,2,9,3,6,0.54,4,2,44248,1,2,178725,60,0
51,66763,0,9,2,7,0.64,2,0,66978,1,0,111303,90,1
62,137682,1,4,1,3,0.98,4,2,5972,0,0,453404,60,0
54,303890,0,4,2,2,0.5,5,18,55208,0,0,430241,30,0
57,483372,0,7,0,7,0.7,6,17,95496,1,0,37295,60,1
34,127277,3,0,0,0,0.88,7,18,137661,1,1,258677,90,1
28,465635,2,5,2,3,0.96,5,20,121608,1,1,406302,180,0
26,50440,2,10,0,10,0.9,6,8,198661,1,0,223877,180,1
33,463995,1,3,2,1,0.84,6,14,172323,0,0,192032,180,0
64,415862,3,8,2,6,0.82,6,19,151099,0,0,201473,30,0
25,220292,3,10,2,8,0.78,5,1,142268,0,2,87718,90,1
22,230726,1,6,2,4,0.51,2,6,114883,1,2,139470,60,0
49,227499,3,10,0,10,0.76,6,16,77477,1,1,63249,90,1
35,457238,3,8,0,8,0.74,3,0,151028,0,0,409923,30,0
61,396904,2,10,1,9,0.81,0,14,135834,0,1,375764,30,0
24,456261,0,9,1,8,0.75,6,8,189676,0,1,115995,180,0
41,166473,0,10,0,10,0.68,4,4,50796,1,2,92746,60,0
33,383400,2,2,2,0,0.68,2,4,80693,1,0,307640,180,0
64,216912,0,4,2,2,0.89,3,19,149880,0,1,262226,30,0
20,31320,1,8,2,6,0.96,0,10,2312,1,1,402923,180,1
30,495481,3,1,0,1,0.53,6,11,132101,0,2,12065,180,0
46,350749,2,4,3,1,0.96,6,9,148096,0,1,367712,90,0
54,361782,3,5,3,2,0.68,7,13,195500,1,0,296889,60,0
62,264544,1,8,2,6,0.6,4,7,77353,0,1,415038,180,1
57,283795,0,5,2,3,0.75,5,19,146520,1,0,463597,60,0
59,213145,2,0,0,0,0.55,4,14,20274,0,2,289964,180,0
64,350417,2,4,2,2,0.74,0,17,172559,1,1,197541,30,1
46,132485,0,7,2,5,0.74,1,8,75584,1,0,312368,90,0
49,255003,3,2,2,0,0.91,0,8,64651,0,0,67891,30,0
46,332117,0,6,0,6,0.66,1,4,113714,1,1,278364,60,0
39,188489,0,9,2,7,0.76,4,15,175601,0,1,254565,60,0
27,258435,2,4,2,2,0.86,3,3,78362,1,2,101803,90,0
62,162341,2,1,0,1,0.75,7,12,45676,1,1,316292,90,1
29,40213,0,7,0,7,0.84,3,11,40978,0,1,10398,90,1
28,337454,3,7,0,7,0.78,3,14,149335,1,0,89731,60,1
51,202153,1,5,3,2,0.69,7,10,86191,0,0,333415,180,1
36,114077,2,9,1,8,0.75,5,12,79070,0,0,314743,30,0
39,428344,3,2,1,1,0.83,6,1,178868,0,0,419048,30,0
63,425094,3,4,1,3,0.56,2,14,102796,0,1,458496,180,0
64,333226,2,1,0,1,0.88,3,12,21283,0,2,479595,60,0
22,197839,3,10,1,9,0.99,0,4,65381,1,2,365342,90,1
18,301717,3,4,2,2,0.92,3,0,44649,0,0,493780,60,0
20,218283,2,4,2,2,0.63,7,11,55881,0,0,353578,30,0
50,352664,2,4,2,2,0.88,7,4,47346,1,2,404684,90,0
44,422988,2,3,1,2,0.81,6,18,81822,0,1,63639,90,1
60,293613,2,6,0,6,0.75,6,3,120529,1,1,458965,30,1
38,174924,3,6,2,4,0.82,1,1,114599,1,1,493925,180,1
42,459148,1,9,3,6,0.66,5,18,111463,0,0,427095,180,1
21,280779,0,8,2,6,0.66,4,8,140303,1,1,179686,30,0
36,72491,1,2,0,2,0.79,4,13,139983,0,0,323583,180,0
53,29135,1,2,1,1,0.78,4,4,20778,0,1,289236,180,0
64,26896,2,9,3,6,0.8,2,4,1997,0,2,299601,180,1
56,42919,2,8,3,5,0.53,0,1,52750,0,2,441254,60,0
20,106685,0,3,0,3,0.88,6,20,51375,1,2,143773,60,1
52,119525,2,8,1,7,0.56,5,12,70328,1,0,421120,90,0
29,79876,3,3,1,2,0.65,2,14,26027,1,2,474694,30,0
63,173320,1,10,2,8,0.66,3,14,117611,0,0,479301,30,0
58,484587,2,9,2,7,0.95,0,10,153009,1,2,365031,30,1
26,318109,2,6,2,4,0.93,3,8,67285,1,2,435511,180,0
41,153646,3,0,0,0,0.96,7,9,12023,0,1,234259,90,0
42,498819,1,0,0,0,0.96,6,20,9875,0,1,128239,180,1
53,479051,0,3,0,3,0.54,2,18,106186,1,1,166574,60,0
21,244318,1,2,0,2,0.58,6,7,158727,1,0,391099,90,0
51,58380,3,0,0,0,0.57,4,1,177743,0,1,424431,90,0
36,470576,0,1,1,0,0.68,3,1,16698,1,1,476769,60,0
39,49216,3,8,1,7,0.74,1,19,187208,1,0,43661,60,1
44,192071,3,7,2,5,0.96,0,11,159168,1,0,418038,180,0
35,452648,1,6,2,4,0.52,6,20,130499,1,1,185437,180,1
43,124185,3,10,1,9,0.65,6,13,101910,0,0,277662,60,0
37,348267,2,0,0,0,0.67,4,17,110951,0,0,379438,90,1
42,347275,0,2,1,1,0.92,1,19,41986,0,1,472217,90,0
22,196362,1,8,2,6,0.54,5,12,176877,1,1,83897,60,0
49,333966,1,1,0,1,0.55,2,15,188747,0,2,494258,60,1
63,78490,2,3,0,3,0.84,4,19,191790,1,1,145409,90,1
59,493814,1,7,2,5,0.62,1,13,93631,0,1,7466,180,1
46,326437,0,8,1,7,0.54,2,2,157181,0,0,235941,30,1
34,297330,1,6,2,4,0.66,1,2,139251,0,1,367499,180,0
31,483997,2,1,0,1,0.73,1,3,77192,0,0,143146,90,0
44,481916,3,0,0,0,0.62,5,4,72300,0,0,188874,30,0
37,471940,1,7,3,4,0.73,7,8,143832,0,1,479697,30,0
53,313521,3,5,3,2,0.82,2,7,61895,0,0,128710,30,0
41,49099,0,8,3,5,0.97,3,4,164764,0,2,372697,180,1
65,162991,0,4,0,4,0.77,1,17,75771,1,2,81181,60,1
56,387483,2,9,2,7,0.63,6,15,151516,0,0,92831,30,0
20,218338,2,2,1,1,0.77,1,17,78626,0,0,85666,30,0
60,68395,3,0,0,0,0.65,6,13,150853,0,0,196650,180,0
47,123783,1,2,2,0,0.61,6,18,180303,0,2,445120,90,0
27,196729,3,6,0,6,0.96,1,13,43284,1,1,405612,90,1
49,219793,3,7,0,7,0.79,5,17,28123,1,0,485402,30,1
28,25545,1,1,1,0,0.69,5,10,85895,1,2,439542,60,0
25,350857,2,9,1,8,0.99,6,11,28076,1,2,255345,180,0
24,47812,2,7,2,5,0.54,0,8,164293,0,0,25614,30,1
62,46628,2,5,1,4,0.99,1,9,154827,0,2,443805,90,1
42,24109,1,5,3,2,0.8,1,9,144940,1,2,85801,180,0
60,83737,0,1,1,0,0.7,1,7,160804,0,2,184666,180,0
26,190881,2,6,2,4,0.8,7,6,105590,0,0,331174,60,0
19,126113,2,6,2,4,0.97,3,18,152925,1,1,324887,60,0
20,425177,2,5,3,2,0.96,1,16,8624,0,1,229870,30,0
18,135926,1,8,3,5,0.77,1,1,160962,0,0,412956,30,0
19,235966,3,0,0,0,0.93,4,12,69406,1,2,29847,60,1
43,249484,2,1,0,1,0.93,2,14,70130,1,1,250590,60,1
34,466053,0,4,3,1,0.65,6,1,85193,1,2,267090,60,0
53,378518,1,1,0,1,0.73,0,0,82725,0,2,346846,90,1
44,291638,2,9,3,6,0.79,2,17,83762,1,2,66954,60,0
26,72135,0,10,0,10,0.85,0,16,125204,0,0,497793,30,0
62,322153,0,1,1,0,0.77,4,14,49013,1,2,114040,60,1
59,401642,0,3,2,1,0.65,0,0,174057,0,2,83848,30,1
50,400784,2,6,0,6,0.66,6,9,66324,0,0,387413,180,0
39,311604,3,10,2,8,0.91,4,9,63305,1,2,35561,180,1
39,321384,3,6,0,6,0.51,5,8,185371,1,2,366931,180,0
24,255832,0,3,0,3,0.74,2,0,174348,1,0,440627,60,1
43,84806,3,2,1,1,0.93,1,6,99044,0,1,430522,60,0
44,193830,2,9,2,7,0.85,2,10,116087,1,1,442751,60,0
18,324118,0,2,1,1,0.96,0,2,185631,0,1,274505,90,0
23,331243,0,5,3,2,0.94,0,12,53068,0,0,174639,90,1
24,289138,1,5,0,5,0.75,6,12,194247,0,2,73311,90,0
61,443056,3,9,0,9,0.55,2,5,99082,0,1,449191,60,0
27,430336,3,0,0,0,0.82,5,8,98572,1,1,229675,90,1
39,334690,3,8,3,5,0.55,1,8,64128,1,2,160793,30,0
48,318940,0,6,3,3,0.78,5,16,6968,0,0,387852,90,1
34,260821,2,8,3,5,0.53,3,20,86846,1,2,31362,180,0
57,364298,1,3,2,1,0.99,1,17,116744,1,0,142588,30,0
26,182360,1,1,1,0,0.98,7,15,112196,0,0,192424,30,1
34,441603,0,6,3,3,0.95,2,12,132546,0,0,75535,90,0
47,216915,0,5,0,5,0.54,1,0,90268,0,0,480215,30,0
32,204817,0,8,3,5,0.72,5,20,65978,0,2,246114,180,1
24,259138,2,9,1,8,0.87,2,16,63713,0,1,247843,90,0
27,145453,2,4,2,2,0.86,3,8,21554,1,1,479656,90,0
30,230380,2,9,3,6,0.92,1,3,183811,0,0,397180,60,0
55,185055,1,1,0,1,0.88,4,3,108658,0,0,301306,90,0
19,158437,2,4,1,3,0.5,7,15,51845,0,1,444126,180,0
43,248031,1,1,1,0,0.66,1,1,79341,1,1,90003,30,0
59,294395,1,3,2,1,0.86,3,12,54790,1,0,181679,30,1
58,458555,3,3,1,2,0.98,6,9,107254,0,1,329372,180,1
54,225710,0,10,1,9,0.95,0,9,60446,1,2,190965,60,0
23,209175,0,9,0,9,0.59,0,20,142370,0,1,255527,180,0
37,239303,3,10,1,9,0.59,3,10,11575,1,2,323070,180,0
44,82857,2,8,1,7,0.69,1,0,178029,1,0,261209,90,0
32,447601,2,0,0,0,0.8,3,17,45275,1,0,371514,60,1
25,55560,1,5,3,2,0.74,6,13,25907,0,2,333249,60,0
43,306418,1,5,2,3,0.91,6,5,111550,1,2,465658,60,1
64,48456,0,9,0,9,0.95,7,3,41389,1,0,24517,60,0
31,263707,0,5,3,2,0.52,0,16,176840,1,1,50932,30,0
60,294958,0,6,3,3,0.89,6,4,173735,1,2,482582,90,1
49,302977,2,5,2,3,0.95,3,19,54334,0,2,330778,90,0
52,124429,3,9,1,8,0.75,4,9,81781,1,1,168268,60,0
55,284657,0,6,1,5,0.61,6,19,10059,0,0,478747,180,0
31,428122,0,9,2,7,0.71,1,19,132332,0,2,359071,30,0
36,413662,0,4,1,3,0.71,0,10,106879,0,1,482832,90,0
32,188607,3,3,0,3,0.52,1,17,163922,0,2,64700,90,0
59,101719,2,10,3,7,0.67,4,5,36682,1,0,262963,90,1
30,446672,3,7,2,5,0.84,7,10,169597,0,2,23790,180,0
22,43686,1,6,2,4,0.89,7,13,102211,0,2,56883,60,0
38,136588,1,1,0,1,0.83,4,3,90951,1,2,341035,30,1
54,171106,1,3,0,3,0.81,5,9,83909,1,2,448010,90,1
43,170207,0,9,3,6,0.83,5,19,59881,0,0,278452,60,0
43,177676,1,2,1,1,0.86,4,9,109807,1,0,457985,30,0
44,338052,2,9,0,9,0.62,7,3,90591,0,2,496751,90,0
18,177068,3,6,1,5,0.98,4,18,156042,0,1,343957,90,0
19,247873,1,3,1,2,0.67,1,2,131097,1,0,220755,180,0
26,38340,0,4,0,4,0.54,5,6,163572,0,1,311661,30,0
18,204500,3,8,2,6,0.63,2,9,84269,0,2,79137,90,1
40,368286,2,0,0,0,0.76,0,10,102426,0,2,413440,180,0
30,228544,2,5,3,2,0.69,6,18,199012,0,2,29603,90,0
48,354370,2,0,0,0,0.63,1,13,20563,0,1,333111,90,1
26,481039,1,10,0,10,0.69,6,19,8559,0,2,252707,180,0
34,238303,3,1,0,1,0.98,3,1,183344,1,0,193122,180,1
44,308972,1,7,3,4,0.53,0,14,132322,0,0,433449,180,0
22,486204,1,9,2,7,0.82,2,8,85507,0,1,162468,60,0
38,320157,0,8,3,5,0.69,7,0,48663,0,1,315929,30,0
59,187471,0,4,1,3,0.99,6,11,177880,0,0,386983,180,1
21,37897,1,3,3,0,0.61,6,4,142285,1,1,262069,180,0
44,359101,0,5,0,5,0.9,7,14,93439,0,2,29526,30,0
32,340396,1,2,1,1,0.63,2,7,63567,0,0,473814,60,0
49,331018,0,2,0,2,0.66,4,20,170805,0,1,320867,90,1
29,387539,1,10,1,9,1.0,5,18,61997,0,0,298321,30,1
35,33389,2,2,2,0,0.7,4,3,136056,1,2,494051,30,0
51,437630,3,9,2,7,0.65,1,17,36706,0,1,45828,60,0
65,356215,0,3,1,2,0.55,1,1,63563,0,2,167801,30,0
24,250700,1,1,1,0,1.0,6,11,60909,1,2,417357,30,0
47,203921,2,7,2,5,0.83,7,17,80808,1,1,304258,60,0
61,232104,0,6,2,4,0.82,7,15,40312,0,2,118915,180,0
55,435166,3,3,0,3,0.77,5,1,137435,0,2,446047,90,0
44,246882,1,3,2,1,0.65,6,0,35509,1,0,258089,30,1
40,204244,0,5,0,5,0.51,3,3,124913,0,0,326308,30,0
23,360943,3,10,0,10,0.95,2,19,169374,0,1,84040,180,0
40,55103,2,8,1,7,0.69,6,11,161256,1,1,477203,90,1
25,90286,1,2,0,2,0.57,3,8,125478,1,1,465582,90,0
57,209697,3,5,0,5,0.53,2,3,161794,0,0,159263,30,0
64,234000,1,0,0,0,0.94,3,0,170326,1,1,208942,90,1
53,479661,2,5,1,4,0.9,1,16,15110,0,2,351234,60,0
57,84595,0,2,1,1,0.52,6,11,151419,0,1,225925,60,1
37,141388,0,0,0,0,0.96,2,6,84022,0,2,312210,90,0
24,83728,3,1,0,1,0.98,3,6,123757,0,2,201582,90,0
65,492880,2,8,1,7,0.7,2,19,158957,1,0,209915,60,0
47,392404,3,9,2,7,0.84,7,3,129419,0,2,411810,60,0
33,241749,3,10,0,10,1.0,4,10,199236,1,1,45290,180,1
25,396119,2,7,1,6,0.91,1,19,167087,1,2,472714,90,1
49,33053,3,0,0,0,0.54,5,18,167540,0,1,397276,30,1
47,58719,1,2,0,2,0.69,1,8,12717,1,2,223544,90,1
55,436374,0,1,0,1,0.86,6,18,124739,1,1,278342,90,1
59,377188,2,8,0,8,0.55,3,3,37088,0,0,481460,60,0
55,76078,0,7,0,7,0.98,5,15,162779,0,0,293454,180,0
56,54809,0,1,1,0,0.86,0,4,98262,1,1,485498,90,0
64,129545,0,9,2,7,0.99,6,3,10447,0,2,450867,90,0
19,344587,1,2,2,0,0.94,3,6,15375,0,2,49710,30,0
59,375031,1,3,0,3,0.56,4,10,187840,0,1,315733,90,0
35,93181,0,3,0,3,0.92,4,2,81063,0,1,215757,90,0
33,58674,3,10,3,7,0.64,2,10,16850,1,2,456726,180,1
60,256940,0,5,3,2,0.56,2,13,31538,0,0,284590,30,0
22,99929,2,9,1,8,0.85,2,7,161562,1,1,44174,30,0
31,459981,2,6,0,6,0.86,5,16,197120,1,1,37878,90,1
61,148029,3,8,0,8,0.93,5,16,32762,1,2,490621,60,1
34,285074,1,5,2,3,0.68,4,18,83706,0,0,290264,90,0
29,236687,2,3,1,2,0.51,6,6,94922,0,1,109440,90,0
31,170178,3,0,0,0,0.63,2,19,139767,0,2,188711,30,0
30,445489,0,10,1,9,0.94,5,7,164237,1,0,400237,90,1
31,270615,1,0,0,0,0.82,0,9,66444,0,0,375388,180,0
53,74341,3,2,0,2,0.86,5,9,96709,0,1,11721,90,0
52,210606,0,3,3,0,0.95,5,3,49999,1,2,200929,30,0
28,218234,0,4,3,1,0.88,1,4,121447,1,2,10277,30,0
48,295616,0,4,3,1,0.85,4,3,97124,0,1,371692,30,0
50,102432,0,10,1,9,0.7,3,0,86584,1,0,213143,90,0
36,475884,2,10,1,9,0.86,7,4,36952,0,2,32796,90,0
23,473978,0,10,1,9,0.58,0,1,71746,0,1,220337,60,0
37,479899,1,3,0,3,0.64,0,14,37658,0,1,450957,60,0
44,180661,1,4,2,2,0.52,5,19,120046,0,0,109916,60,0
43,80528,2,6,1,5,0.91,2,13,61859,0,2,298513,60,1
52,209877,2,10,3,7,0.67,3,7,101153,1,0,360059,60,0
41,88499,3,4,1,3,0.69,5,7,26892,0,0,286627,180,0
31,208904,0,2,0,2,0.59,6,0,93796,0,1,455067,30,1
40,225852,2,4,0,4,0.55,7,14,85650,1,0,381874,90,0
47,339410,1,7,3,4,0.76,7,3,123002,0,0,145106,60,0
60,394603,2,4,0,4,0.96,7,4,21859,1,0,204627,180,1
46,218474,0,5,0,5,0.51,3,4,46815,0,1,341485,60,0
40,218000,1,9,0,9,0.83,1,10,175386,1,1,380662,60,1
43,145077,3,2,0,2,0.9,6,0,188536,0,1,216563,30,0
44,220054,3,6,2,4,0.54,0,0,151887,0,2,317819,60,0
60,49141,1,8,2,6,0.56,0,17,116098,1,2,186242,30,1
46,205766,2,6,0,6,0.99,7,6,84241,1,0,493063,30,1
64,360344,0,10,1,9,0.78,6,20,37247,1,2,45958,60,0
57,304185,2,5,0,5,0.8,5,15,193959,1,0,293135,90,1
44,258405,0,6,1,5,0.81,4,12,123145,0,0,6115,90,0
23,368805,2,1,1,0,0.87,1,9,82479,0,1,36093,90,0
38,230760,3,7,0,7,0.76,2,8,177880,0,1,110264,180,0
52,402993,2,6,1,5,0.77,7,15,199516,1,1,46046,90,0
32,358457,2,7,3,4,0.99,0,5,80103,1,2,212397,180,1
50,436598,2,1,1,0,0.87,3,4,93028,1,0,287854,30,1
20,284696,0,4,0,4,0.51,7,7,141255,0,1,372138,60,1
20,73805,2,10,1,9,0.74,2,19,69994,1,2,286488,90,0
34,438118,3,5,2,3,0.62,3,2,130188,1,1,213356,90,0
35,259786,3,10,1,9,0.6,6,2,62239,0,2,302548,60,0
63,442255,0,5,0,5,0.99,6,19,178206,1,1,488327,60,1
47,342334,2,9,2,7,0.67,7,12,26120,1,0,97823,180,0
39,461972,1,9,2,7,0.75,0,20,8946,1,1,93602,60,1
57,117799,1,0,0,0,0.87,5,8,56081,1,0,401216,180,1
32,320308,2,4,0,4,0.89,6,16,138373,0,0,216864,30,0
51,325551,3,1,1,0,0.82,0,11,38022,0,0,101430,180,1
22,349087,3,2,1,1,0.8,7,18,174107,1,1,82811,90,0
37,38783,1,9,1,8,0.52,6,9,61106,0,1,175780,60,0
64,227842,1,9,2,7,0.72,7,12,52415,1,2,195919,180,0
46,442554,1,6,3,3,0.84,3,0,108196,0,1,497454,180,0
39,411438,1,6,3,3,0.66,6,13,135153,1,0,184512,60,1
48,275187,1,4,0,4,0.6,5,8,60316,0,0,394628,180,0
57,137386,0,3,1,2,0.9,6,18,163344,1,2,399227,60,1
29,199854,0,4,3,1,0.6,4,4,74725,0,2,56386,30,0
59,284641,2,5,1,4,0.71,4,5,197710,0,0,469951,30,0
37,175585,3,10,3,7,0.76,5,11,77358,0,1,416760,30,0
23,40760,2,2,2,0,0.98,1,4,97378,0,0,66602,60,0
54,393719,1,9,3,6,0.63,0,12,107797,0,0,434265,60,0
18,262945,2,3,1,2,0.88,2,4,145920,0,2,164352,90,0
29,454838,2,3,1,2,0.92,4,3,69510,1,1,131942,180,0
43,275310,0,5,2,3,0.74,1,3,37007,1,1,146030,60,1
54,441471,2,0,0,0,0.94,0,7,159509,0,0,243305,60,0
30,113631,3,9,0,9,0.67,2,13,80761,0,2,276416,60,0
60,161651,3,8,1,7,0.64,7,12,106517,0,1,420549,90,0
55,243018,3,1,0,1,0.87,5,12,88982,1,0,197445,90,1
47,379282,1,0,0,0,0.74,3,6,138962,1,1,314708,30,1
41,450036,1,3,3,0,0.57,0,8,180195,0,2,193917,90,1
65,89629,1,5,3,2,0.66,5,0,75702,1,0,168032,180,0
36,246226,3,4,3,1,0.73,4,1,153676,0,0,333006,180,0
43,197859,3,0,0,0,0.64,7,14,25336,1,0,122438,30,0
64,50437,3,2,0,2,0.81,3,3,147735,1,0,60885,180,1
19,85525,3,10,2,8,0.52,1,6,42673,1,0,306762,180,1
61,442371,0,0,0,0,0.76,7,16,2510,0,2,306112,60,0
20,40504,3,3,0,3,0.59,7,9,11828,0,2,155730,60,0
25,262440,1,5,1,4,0.58,1,6,116468,1,2,25109,180,0
41,197116,0,6,1,5,1.0,7,19,179888,0,2,126795,180,0
33,133359,0,4,2,2,0.56,4,10,134669,0,2,282865,60,1
20,237383,2,6,1,5,0.93,7,13,1999,1,0,165910,30,1
50,291956,0,9,1,8,0.85,0,15,157118,0,2,230929,30,0
19,60852,2,6,0,6,0.72,4,9,95133,0,1,308852,60,0
57,58138,1,3,1,2,0.71,2,12,50295,1,2,71329,90,0
34,63983,2,7,2,5,0.68,6,5,47115,1,0,383057,30,0
40,119132,3,7,1,6,0.76,7,7,153320,0,0,494827,60,0
35,312406,1,1,0,1,0.72,6,5,36677,0,2,128170,90,0
61,234583,0,7,0,7,0.68,5,16,197501,0,1,292332,90,0
62,82497,1,4,1,3,0.69,3,2,63205,0,2,274776,60,0
65,175814,1,4,3,1,0.66,5,7,18782,0,0,76090,60,0
54,234196,0,5,2,3,0.51,4,16,107123,0,2,212010,90,0
27,240016,3,6,1,5,0.81,3,8,166055,0,1,251877,90,1
63,161805,2,3,3,0,0.75,4,5,14741,1,1,288048,30,0
56,459630,3,10,3,7,0.57,3,13,158436,1,1,454740,30,0
65,276283,3,5,2,3,0.55,4,0,118707,1,2,240765,180,0
22,166154,3,7,0,7,0.73,1,17,188824,1,2,136204,60,1
45,462277,0,1,0,1,0.94,3,11,86151,1,0,106929,90,1
26,266278,2,1,1,0,0.69,4,6,64887,1,0,340148,90,0
21,70238,0,6,2,4,0.94,0,20,11673,0,0,193016,180,0
19,188052,3,4,1,3,0.57,3,18,18471,0,2,375809,30,0
62,477428,3,10,2,8,0.93,0,15,68175,1,1,179839,60,0
18,453159,1,5,2,3,0.69,2,4,152014,0,0,257958,90,1
35,92971,1,4,3,1,0.79,7,7,151594,0,0,186741,90,0
31,80211,3,5,1,4,0.67,1,12,5338,1,0,202135,60,0
51,56701,0,10,3,7,0.63,1,14,82214,1,2,29953,30,1
55,380588,0,1,1,0,0.54,1,5,20123,1,0,117048,60,0
28,84331,1,6,2,4,0.73,6,19,179558,1,2,14802,30,0
32,184466,3,1,0,1,0.73,6,18,129197,1,1,366403,90,1
48,444974,1,10,2,8,0.63,6,16,121765,0,2,324503,90,1
55,31189,3,9,2,7,0.57,4,14,9711,1,2,228824,30,0
47,171819,1,6,1,5,0.67,0,15,1082,0,1,480418,180,0
29,440072,0,8,1,7,0.65,0,4,78228,1,1,36180,30,0
49,102636,0,6,1,5,0.86,1,14,144843,1,1,328724,90,0
65,420860,3,6,2,4,0.78,3,10,97758,0,0,408031,180,0
62,320774,1,8,2,6,0.9,5,1,165078,0,0,359554,30,0
19,60251,1,2,0,2,0.71,4,13,192624,1,1,29886,90,1
61,458158,1,3,0,3,0.68,0,10,171124,1,0,421512,180,0
56,37272,3,9,2,7,0.51,1,17,84566,0,2,361363,180,0
30,277156,2,9,0,9,0.62,4,17,58684,0,1,493608,30,0
49,102607,0,8,3,5,0.57,7,2,125251,1,2,64164,180,0
41,247498,3,3,0,3,0.55,6,0,70901,0,2,360418,30,0
20,381016,2,3,3,0,0.99,3,20,28913,0,0,167027,30,0
62,72876,0,0,0,0,0.94,5,2,107051,1,1,325591,90,1
50,77763,3,8,3,5,0.68,4,6,162997,1,0,81422,90,0
56,367490,1,5,2,3,1.0,3,9,104403,0,1,368505,30,0
31,191604,0,7,1,6,0.78,6,6,153811,0,2,252256,30,0
48,491561,1,10,2,8,0.91,6,9,178954,1,0,382278,90,0
53,76092,3,3,2,1,0.94,1,6,148074,1,2,249998,90,0
37,237124,1,4,3,1,0.68,7,14,33524,1,1,148796,90,0
63,185814,2,4,2,2,0.85,6,17,171687,1,1,158302,90,0
40,359468,1,4,0,4,0.97,4,8,37850,1,0,313038,60,1
19,304463,3,5,2,3,0.68,1,20,17860,0,0,172746,180,1
63,294520,3,2,2,0,0.82,7,17,173911,1,0,144347,60,0
31,300142,0,10,3,7,0.8,6,9,145566,1,0,438167,30,0
52,57160,0,4,1,3,0.65,1,18,159256,0,0,236543,60,1
31,341633,0,0,0,0,0.69,1,17,43329,0,2,352190,30,1
62,397280,1,1,1,0,0.94,1,1,197094,1,1,291980,30,0
54,96106,1,5,3,2,0.94,7,8,12004,1,2,176538,60,0
23,35334,2,6,3,3,0.69,5,0,94005,0,2,17748,180,0
62,412874,0,2,1,1,0.77,6,18,107553,1,1,360524,60,0
60,492856,1,5,0,5,0.78,1,14,149498,1,2,466640,60,1
45,88603,0,0,0,0,0.56,3,14,41354,0,1,216745,60,0
23,139206,1,3,0,3,0.87,6,3,144837,1,0,48862,60,1
33,196635,2,1,0,1,0.97,3,7,91810,1,1,330764,90,1
51,162176,1,1,1,0,0.58,0,5,47168,1,2,238685,90,0
56,207389,0,9,0,9,0.81,1,0,12776,1,2,294703,60,1
20,37767,1,0,0,0,0.84,6,14,174879,1,2,284035,180,1
59,107091,1,1,1,0,0.65,5,7,163016,1,1,368944,30,0
29,349197,0,1,0,1,0.63,7,9,84686,1,2,81170,30,0
20,36538,0,10,0,10,0.92,2,3,39812,1,0,284554,60,0
36,358893,2,2,0,2,0.51,3,3,150929,0,2,270023,90,0
35,140345,1,0,0,0,0.57,1,7,95399,1,0,131878,30,0
45,153207,2,8,2,6,0.88,2,16,115821,1,1,163279,180,1
41,135065,3,4,2,2,0.95,4,8,21382,0,0,157866,60,0
28,21460,2,6,0,6,0.65,1,14,2401,0,0,297014,90,1
37,236945,3,6,1,5,0.53,0,4,197992,0,1,407702,30,0
20,292988,1,7,1,6,0.57,7,9,78297,0,0,320008,90,0
59,478450,0,6,3,3,0.62,3,16,179101,0,2,419823,60,1
50,32424,3,6,3,3,0.67,3,19,154129,0,2,123818,180,0
65,428223,0,10,1,9,0.79,4,12,78540,1,1,231231,60,0
40,479164,1,6,0,6,0.67,3,16,28209,1,1,158287,90,0
28,66650,2,3,3,0,0.87,6,15,112178,1,1,144829,180,0
65,374452,1,9,0,9,0.91,2,6,141445,1,1,19822,60,1
62,292586,0,2,1,1,0.91,3,6,16342,0,1,175187,180,0
48,279720,1,9,1,8,0.7,2,8,69331,0,2,288978,60,0
63,456699,1,4,2,2,0.55,6,2,39471,1,2,438408,30,0
61,122047,3,6,3,3,0.7,7,16,13737,1,0,326763,180,0
25,341263,2,4,1,3,0.68,1,0,51338,1,0,196627,30,0
54,53750,2,2,2,0,0.64,5,9,18930,0,0,300161,30,0
23,87964,2,2,0,2,0.9,1,11,149519,1,2,168699,60,1
21,348417,2,0,0,0,0.64,2,17,78875,1,1,213814,30,0
41,249989,0,9,3,6,0.9,2,4,10569,0,2,244754,180,0
35,358346,0,2,2,0,0.92,5,17,69805,1,2,439362,30,0
51,360324,0,3,3,0,0.99,5,2,90515,0,0,169576,60,0
41,70849,0,9,3,6,0.78,6,17,170212,0,1,312971,180,0
48,355785,1,6,2,4,0.88,1,0,86089,1,1,25169,60,0
22,270966,2,1,1,0,0.54,4,11,79592,0,0,169413,30,0
38,368247,2,6,0,6,0.84,3,20,142075,1,2,22604,90,1
47,218334,3,1,0,1,0.83,7,10,195510,0,2,39925,30,1
44,122762,3,0,0,0,0.88,6,1,59053,1,0,317189,180,1
53,93677,2,9,1,8,0.93,2,1,124661,0,2,274394,30,0
65,68399,0,6,2,4,0.86,1,18,189636,1,0,384457,90,0
51,295107,0,9,1,8,0.79,7,17,53925,1,1,193905,180,0
54,457751,3,0,0,0,0.6,5,19,85745,0,2,116373,30,0
53,233391,3,4,2,2,0.75,1,20,15882,0,0,233943,30,0
19,108532,0,4,0,4,0.6,5,14,58962,0,2,219977,180,0
56,122932,1,8,2,6,0.91,5,19,133724,1,2,211956,30,1
53,35281,2,3,0,3,0.92,0,0,129209,1,1,436479,90,0
60,345135,0,0,0,0,0.65,5,19,52413,0,1,233174,180,0
50,113919,2,5,3,2,0.75,5,10,189935,0,2,36947,60,1
39,389236,0,5,0,5,0.91,3,18,167453,1,2,17264,30,1
61,409707,2,8,1,7,0.78,0,16,153809,0,0,482206,60,0
65,379862,2,4,0,4,0.66,1,19,182807,0,1,190235,180,1
27,217006,1,7,3,4,0.87,0,15,143626,1,1,343923,30,1
40,300744,2,8,3,5,0.97,4,5,98648,1,0,121708,90,0
58,211788,0,1,1,0,0.79,4,20,103965,1,0,409761,30,0
33,170608,2,2,1,1,0.58,1,15,185209,0,0,58339,90,0
21,21629,2,7,1,6,0.87,2,6,162075,1,0,306155,30,0
19,394822,1,9,3,6,0.77,6,9,108030,1,2,301296,60,0
46,401532,2,6,2,4,0.67,0,2,136596,1,1,157499,90,0
64,44785,3,2,1,1,0.76,7,1,114742,0,0,18232,60,0
33,35211,3,7,3,4,0.57,4,7,76747,1,1,48737,30,0
56,452672,3,5,1,4,0.58,2,18,109786,0,0,47312,90,1
33,216890,2,2,2,0,0.86,1,18,57891,0,2,93931,60,1
20,241555,2,3,3,0,0.86,1,0,27451,0,2,118922,90,0
27,447465,3,0,0,0,0.75,4,19,50152,1,0,480291,30,1
56,418137,3,2,1,1,0.78,6,15,49267,0,2,247861,30,1
25,149027,1,0,0,0,0.67,1,14,32997,0,1,306811,30,0
24,260395,3,7,0,7,0.62,2,3,126806,0,2,53582,90,1
51,333473,2,10,1,9,0.51,7,17,62384,1,2,442402,180,0
35,33326,1,5,3,2,0.62,6,13,58260,0,2,165735,60,0
48,424076,1,1,0,1,0.6,7,19,198809,1,0,313449,30,0
46,349124,3,4,3,1,0.79,6,0,131593,0,0,400762,90,0
49,146180,1,5,2,3,0.97,0,11,88107,1,2,80260,30,0
65,413819,0,5,0,5,0.54,7,14,172872,0,1,302377,180,1
19,304980,3,4,0,4,0.55,2,3,17327,1,0,418853,30,0
34,261838,1,3,2,1,0.98,4,13,98842,0,2,264477,90,0
50,217428,2,4,2,2,0.59,7,19,65582,0,1,181201,30,0
20,102583,0,5,3,2,0.67,6,6,103533,0,1,230023,90,0
27,328556,3,4,3,1,0.63,3,16,114344,1,1,236939,30,0
54,430929,0,8,1,7,0.55,2,13,84718,1,1,179017,30,0
61,444911,0,1,0,1,0.83,6,5,30617,1,0,133416,180,1
50,429681,3,4,1,3,0.92,0,10,117128,1,1,190611,60,0
29,467267,2,8,1,7,0.85,1,19,269,1,0,91654,60,0
39,310888,0,5,2,3,0.59,2,2,139806,1,1,460388,60,0
52,285020,1,8,0,8,0.71,1,17,140106,0,2,284683,60,0
31,449412,0,3,1,2,0.82,4,10,183119,1,1,447425,90,1
62,361255,1,2,1,1,0.84,5,13,98158,0,0,8799,90,0
53,224646,1,10,0,10,0.94,3,2,54040,0,1,237125,30,0
46,494414,1,0,0,0,0.71,4,18,41817,1,1,66429,90,1
42,441111,0,9,1,8,0.98,0,7,83481,1,2,245976,60,1
43,317419,0,3,1,2,0.52,3,4,95117,1,0,248318,90,0
32,50468,3,8,0,8,0.6,2,3,112919,1,2,145211,90,0
27,301167,3,1,1,0,0.97,1,19,170681,0,1,119261,90,0
29,83347,3,6,1,5,0.76,0,9,121077,1,2,132027,60,0
51,68085,0,9,3,6,0.51,5,19,39102,1,2,6957,180,0
60,474463,0,0,0,0,0.86,6,2,92215,1,2,432283,180,1
52,206043,3,8,3,5,0.56,0,17,72861,0,2,459273,180,1
30,485390,1,3,1,2,0.71,6,19,95373,1,1,299688,30,1
63,194912,3,9,2,7,0.64,7,18,81615,1,1,434584,30,0
19,306461,3,2,1,1,0.67,2,5,158055,0,2,178615,30,0
21,485754,1,7,1,6,0.61,1,8,198403,0,0,112678,90,0
64,36735,0,1,1,0,0.75,0,4,160979,0,0,346044,60,1
27,179693,2,9,3,6,0.87,2,11,195744,1,0,111779,90,0
51,315320,1,0,0,0,0.68,2,2,181898,0,0,279959,60,0
58,157738,0,10,0,10,0.59,0,13,66485,1,0,231417,60,0
36,336468,0,4,1,3,0.84,6,1,53904,1,1,354628,90,0
26,319226,1,5,0,5,0.75,6,18,100192,1,1,237559,60,1
18,349947,2,9,3,6,0.52,2,9,38350,0,2,260067,90,0
58,171139,2,8,3,5,0.99,0,16,198615,0,2,390335,180,0
50,355917,3,1,1,0,0.54,6,19,170235,1,0,473707,30,0
20,87535,3,0,0,0,0.59,1,9,104441,1,1,51433,30,1
41,358666,3,6,0,6,0.77,5,6,80524,1,2,382710,180,1
29,48065,3,7,3,4,0.99,5,8,16949,1,2,359936,90,1
60,121042,2,4,3,1,0.88,1,11,61632,1,0,356615,90,0
30,435221,0,0,0,0,0.72,0,18,22628,0,0,279863,30,0
25,20622,1,3,1,2,0.76,0,2,94418,0,2,222334,30,0
51,320598,1,10,0,10,0.75,7,8,96735,0,1,35826,90,0
21,383414,1,0,0,0,0.54,2,10,938,1,2,18760,90,1
23,97646,2,8,0,8,0.51,2,6,190185,0,1,272098,30,0
38,311511,3,7,1,6,0.9,1,14,86748,1,1,130225,180,0
37,415685,1,8,3,5,0.57,1,11,161282,0,2,22023,60,1
29,199497,3,10,0,10,0.87,6,4,97467,1,0,93639,90,1
53,51037,3,3,1,2,0.74,1,4,84938,1,2,391886,180,1
63,338900,1,3,2,1,0.83,6,5,34432,1,1,186782,90,0
18,193630,0,7,2,5,0.66,1,20,6892,0,2,303549,180,1
58,387925,3,1,0,1,0.98,1,20,194782,1,1,251602,90,1
47,264132,1,0,0,0,0.62,7,19,6805,0,1,310882,30,0
21,72569,2,4,2,2,0.69,5,9,97143,0,2,257517,60,0
47,300313,1,8,1,7,0.53,0,6,18580,1,1,245813,180,0
34,285661,2,2,2,0,0.88,1,13,65477,0,1,85164,90,0
25,437107,0,7,1,6,0.61,1,4,193022,0,1,329801,30,0
23,368636,0,5,1,4,0.74,1,0,122059,1,0,192041,30,1
19,245070,2,1,1,0,0.64,3,11,163468,0,1,84390,30,0
60,386371,0,9,2,7,0.63,4,9,79905,0,2,93463,30,1
50,326380,3,7,1,6,0.6,6,20,159937,0,0,12410,30,0
19,251235,3,6,0,6,0.8,0,9,196081,0,2,210912,60,0
63,157065,0,4,2,2,0.98,3,6,150780,1,2,106366,180,0
35,363621,1,10,3,7,0.56,7,20,31463,1,2,354462,180,0
61,97650,1,1,1,0,0.86,1,13,78074,0,1,53830,30,0
44,82754,0,8,2,6,0.51,6,8,198469,0,0,6041,180,0
62,340726,3,3,2,1,0.75,7,1,26303,0,0,308321,60,0
22,371174,1,7,2,5,0.69,2,15,91779,0,2,474663,60,0
55,119285,1,1,1,0,0.98,1,3,88171,1,2,116059,30,0
35,177974,2,2,1,1,0.8,4,12,109099,1,2,280301,60,0
26,43155,2,1,0,1,0.6,1,6,111488,1,0,355515,90,1
36,362637,1,4,0,4,0.91,6,4,108640,1,1,207880,60,1
21,345760,0,5,0,5,0.81,1,11,101909,1,1,357709,90,1
60,437801,2,4,2,2,0.97,5,8,12006,0,2,299228,60,0
31,295320,1,6,2,4,0.76,3,9,17956,0,2,272541,90,0
55,52235,0,3,2,1,0.92,6,15,18183,1,0,392595,180,0
48,436961,1,5,2,3,0.75,3,7,44228,0,2,190936,30,0
36,294807,1,10,3,7,0.81,5,11,191604,1,1,280351,90,0
42,361471,1,10,2,8,0.79,4,18,112338,1,1,429264,60,1
18,471884,3,6,0,6,0.89,3,0,33253,1,1,259422,60,1
62,322625,0,10,0,10,0.82,6,8,197467,0,0,205665,180,0
55,56064,3,5,2,3,0.59,0,13,82882,0,1,30576,60,1
51,200743,3,9,0,9,0.55,5,9,4326,1,0,126295,180,0
31,245326,0,2,2,0,0.81,7,18,14587,0,0,105542,30,0
43,169628,2,1,1,0,0.61,0,15,81982,1,1,172082,30,0
31,277503,0,7,2,5,0.81,3,14,95191,1,2,25189,60,0
37,496892,2,0,0,0,0.56,0,10,14831,1,0,180995,60,0
45,41835,3,9,1,8,0.62,5,20,145657,0,0,124473,30,0
56,462275,1,8,3,5,0.81,6,14,146486,0,1,354210,60,0
56,118554,3,1,0,1,0.79,0,7,166711,0,1,96573,30,1
20,417262,2,3,3,0,0.66,3,11,83992,0,1,246218,30,0
41,484119,2,4,2,2,0.91,3,7,77801,1,1,184025,60,0
43,211783,2,10,3,7,0.81,0,0,93983,0,1,364679,60,0
35,262867,0,6,1,5,0.57,4,16,50976,0,1,345706,60,0
31,252328,2,6,1,5,0.6,6,12,46980,0,2,111637,60,0
28,333091,0,1,1,0,0.65,4,10,60716,1,1,237527,60,0
24,227036,1,3,0,3,0.88,4,8,172940,1,0,116503,180,1
18,470887,3,10,3,7,0.76,4,18,71659,1,0,114622,30,0
20,410569,0,4,2,2,0.89,5,5,125648,1,0,490261,180,0
19,328576,3,9,0,9,0.72,3,18,173384,1,1,243178,30,1
46,328022,0,3,2,1,0.88,6,8,90166,1,2,472215,90,0
50,219990,2,0,0,0,0.62,6,15,142042,0,0,177728,30,1
39,442800,0,5,3,2,0.58,3,3,59173,1,0,399216,90,1
19,300632,2,5,0,5,0.85,3,14,101843,0,1,59566,30,1
44,206372,0,2,1,1,0.52,0,18,156004,0,0,197036,30,0
65,46420,2,0,0,0,0.75,4,16,163967,0,0,402072,60,1
59,177775,2,4,3,1,0.74,7,7,32467,1,0,198102,60,1
64,456250,1,10,3,7,0.52,4,4,73983,1,0,342599,30,0
23,178078,2,10,2,8,0.9,0,11,127263,1,2,416519,60,0
62,292581,3,6,1,5,0.88,2,20,150918,0,0,339325,90,0
49,292302,0,7,0,7,0.56,5,13,132788,1,1,241790,180,0
30,102099,0,10,0,10,0.95,0,8,79387,1,1,227001,180,1
42,299023,0,8,2,6,0.92,5,9,96802,1,2,239105,90,1
61,391133,2,10,0,10,0.97,6,17,73726,1,0,233355,30,1
21,165815,3,6,0,6,0.89,3,14,5043,1,0,386560,180,1
41,404762,3,1,1,0,0.59,3,5,139713,1,0,299626,180,0
32,494677,2,5,3,2,0.87,4,2,186787,0,2,353336,30,0
23,381560,2,6,3,3,0.5,4,20,56499,1,1,166366,60,0
27,279991,3,0,0,0,0.71,7,4,194619,0,1,262730,90,0
56,265829,1,9,2,7,0.92,3,8,107165,1,0,390191,30,1
56,238954,0,10,3,7,0.95,4,2,54576,1,1,42329,30,0
62,235099,0,8,2,6,0.84,2,5,9825,1,2,475803,180,0
25,222222,0,8,1,7,0.8,1,16,191456,0,0,448226,90,0
54,251506,2,6,3,3,0.93,7,8,137367,1,0,194008,90,0
39,118672,3,8,0,8,0.8,6,18,105591,1,0,145827,60,1
64,463833,0,7,1,6,0.72,7,2,117795,0,2,203093,180,0
36,268205,2,6,2,4,0.84,0,12,43608,0,0,425563,30,0
21,423931,3,7,1,6,0.83,3,15,72393,1,0,247114,180,0
39,462089,3,5,0,5,0.96,6,2,189802,0,2,162491,180,0
62,348173,2,9,3,6,0.64,6,12,102405,0,0,438828,30,0
43,109114,1,3,0,3,0.68,4,17,135642,0,1,221577,90,1
58,245029,3,1,0,1,0.59,1,14,54930,1,2,195840,180,0
28,397033,2,5,2,3,0.86,5,11,21097,1,1,481516,180,0
21,304900,1,10,2,8,0.95,2,5,23742,0,0,171912,60,0
37,295139,2,0,0,0,0.96,3,15,93970,1,2,492745,90,1
54,189699,3,2,2,0,0.89,3,15,163637,0,2,124718,30,0
45,29045,1,2,0,2,0.95,4,12,194267,0,0,112385,60,0
63,453835,1,2,1,1,0.73,2,10,163862,1,2,254143,60,1
27,194933,3,6,2,4,0.87,5,4,174373,1,1,92237,60,0
42,426578,3,5,1,4,0.52,1,19,36090,0,2,480471,180,0
41,368173,1,0,0,0,0.72,6,3,13536,1,0,393314,90,1
34,213464,3,2,0,2,1.0,0,16,182010,0,2,277072,60,0
51,389528,2,8,0,8,0.76,0,7,93036,0,0,93636,60,0
32,33005,2,0,0,0,0.75,7,8,91080,0,0,436809,90,0
55,334636,2,3,2,1,0.57,1,3,180517,1,2,170082,30,0
20,491032,1,5,0,5,0.89,2,13,168298,1,2,486732,180,1
50,309032,1,4,2,2,0.62,5,16,63592,0,2,382454,30,0
32,320989,1,0,0,0,0.56,0,6,23155,1,0,352377,90,0
41,243493,0,3,3,0,0.86,7,19,28287,1,1,431688,180,0
61,284347,0,10,2,8,0.59,4,1,64589,0,2,9766,30,0
48,147913,1,2,0,2,0.53,3,13,26722,0,0,450582,30,0
40,181385,0,3,3,0,0.87,3,18,758,0,0,137822,60,1
30,202211,0,6,0,6,0.65,7,5,115517,0,2,54515,90,0
59,175761,2,3,2,1,0.78,6,20,41767,0,2,31910,30,0
18,80756,1,8,1,7,0.65,5,18,31419,1,2,188371,180,0
57,241723,0,2,2,0,0.54,1,1,123025,1,1,195796,180,0
60,456371,0,10,2,8,0.79,4,9,13219,1,2,189361,60,0
28,158654,3,4,1,3,0.82,5,2,19317,0,0,388872,60,1
63,279276,3,1,1,0,0.53,2,7,17204,0,0,25545,30,1
32,103382,2,3,2,1,0.69,4,11,70693,0,2,73091,90,0
35,213716,2,1,1,0,0.97,2,4,185305,1,0,420626,30,0
31,23569,2,10,3,7,0.52,5,15,132191,1,2,44521,30,0
41,483888,2,6,2,4,0.53,4,12,130012,0,0,465425,60,0
58,208038,1,3,3,0,0.9,5,10,95633,0,1,393222,180,0
19,302960,1,7,0,7,0.78,7,0,98861,1,2,179871,90,1
62,458409,3,3,2,1,0.79,2,19,176965,1,0,476118,60,0
40,193704,1,5,1,4,0.85,3,9,165578,0,1,112464,90,0
63,227212,0,1,0,1,1.0,4,2,123233,0,1,122781,60,1
60,466541,3,3,1,2,0.55,7,15,93564,1,1,363300,60,0
21,250363,3,5,2,3,0.92,2,6,52528,0,1,27330,60,0
60,266341,2,5,0,5,0.68,4,13,148014,1,2,108278,30,0
49,252759,2,9,1,8,0.91,2,11,174931,1,2,472401,60,0
64,369867,0,7,0,7,0.93,2,7,73064,0,0,286251,180,0
62,141517,0,3,3,0,0.78,5,11,19620,1,2,246042,90,0
45,61587,3,9,0,9,0.81,3,15,10577,1,1,198359,60,1
65,228523,1,10,1,9,0.79,4,11,56097,0,0,455487,90,1
36,147650,2,4,2,2,0.61,5,13,177374,0,2,356598,60,0
21,61106,3,2,1,1,0.74,4,20,89968,1,2,90186,180,0
55,161334,2,1,0,1,0.86,3,11,113375,0,2,494029,90,1
38,40062,1,3,0,3,0.68,3,0,2640,1,0,216256,180,0
63,451360,3,1,1,0,0.65,2,11,151276,1,1,259940,180,1
27,179978,3,10,2,8,0.99,5,0,52056,1,0,423770,60,0
36,455012,0,0,0,0,0.77,1,15,54076,0,0,109556,30,0
19,161068,1,7,2,5,0.58,7,6,51951,0,1,367375,60,0
24,284524,2,9,2,7,0.68,7,1,59331,0,1,471388,60,0
36,359817,3,1,0,1,0.58,7,4,104455,1,2,446095,60,1
21,317175,3,10,0,10,0.53,5,3,195557,1,0,160648,30,0
45,59015,2,10,3,7,0.73,5,18,149407,1,2,137991,90,0
36,308617,3,4,0,4,0.52,1,3,99650,1,0,389813,60,1
36,215333,3,0,0,0,0.54,4,14,85315,0,2,381211,180,1
23,302190,1,10,1,9,0.96,2,11,87620,1,0,298505,180,0
30,44108,3,7,0,7,0.99,5,2,94373,1,1,162421,60,0
34,277562,1,3,1,2,0.87,5,3,181610,0,1,443893,60,1
54,456897,2,10,3,7,0.7,4,0,83667,0,0,228321,90,0
33,495805,3,4,3,1,0.55,6,13,4183,0,1,199866,90,1
41,470261,2,3,3,0,0.98,4,10,120386,0,2,238482,90,0
58,306202,3,6,2,4,0.72,0,12,133864,0,0,266046,30,0
62,279553,2,3,2,1,0.71,2,15,147977,0,2,71035,60,0
23,105098,2,2,0,2,0.92,7,8,141645,1,0,333075,30,1
39,186231,0,3,1,2,0.94,5,9,42840,1,0,124557,180,0
30,365600,2,1,0,1,0.74,0,4,184814,1,1,255030,90,1
21,120038,3,3,2,1,0.57,6,1,150283,0,1,263283,60,0
44,215436,0,10,0,10,0.73,0,20,174437,0,1,61602,180,0
25,299926,1,1,0,1,0.99,6,16,92343,1,2,490084,60,1
54,480177,2,7,2,5,0.89,6,10,95193,1,2,495647,90,1
32,345256,3,7,1,6,0.6,0,18,45179,0,2,159928,180,0
34,61044,1,2,1,1,0.98,4,5,104562,1,0,486752,90,0
44,171730,0,9,1,8,0.84,6,19,69699,0,1,441945,180,0
39,437854,0,0,0,0,0.8,4,9,40413,0,1,80611,30,1
47,54175,1,2,2,0,0.52,3,7,13770,0,2,41078,30,0
47,255355,0,7,1,6,0.7,3,10,121586,0,0,264135,180,1
36,119023,1,6,3,3,0.66,6,4,35640,0,0,150052,90,0
41,305202,2,5,2,3,0.88,7,2,143140,1,2,123927,90,1
63,401915,1,2,0,2,0.65,2,9,147476,1,1,128770,90,0
65,448562,1,4,1,3,0.63,2,0,185971,0,1,339869,90,1
26,118530,0,7,2,5,0.93,2,18,194562,0,0,383304,30,0
40,78666,3,1,0,1,0.9,2,20,40126,0,2,211709,90,0
27,314806,1,4,0,4,0.88,2,3,6270,0,2,371634,30,0
40,65192,1,0,0,0,0.96,7,3,172063,1,0,86434,90,1
23,448122,0,5,0,5,0.62,0,16,27760,0,0,432652,60,1
47,255700,3,7,3,4,0.61,1,14,44610,0,0,455020,60,1
20,360283,1,2,1,1,0.54,2,14,65263,1,1,130387,180,0
46,406673,0,6,0,6,0.91,5,2,65682,0,1,205411,30,0
59,140474,2,5,1,4,1.0,1,0,183112,0,1,31799,90,1
25,81477,2,5,2,3,0.64,3,20,135426,0,2,244497,60,0
36,281388,3,4,0,4,0.86,4,6,79916,0,2,432522,180,0
55,148920,2,6,1,5,0.68,1,18,136228,0,0,431595,90,0
55,301463,2,8,2,6,0.6,5,8,96196,1,1,296260,60,0
36,317891,1,7,2,5,0.51,2,7,112837,0,2,59269,90,0
26,327565,3,2,0,2,0.61,0,13,76052,1,2,438302,180,0
60,318362,3,5,2,3,0.86,3,19,91272,1,1,190482,90,0
47,429874,2,5,0,5,0.62,1,19,186763,0,0,38728,90,0
31,35053,0,7,0,7,0.52,3,16,97352,1,1,226200,30,0
45,78809,2,10,2,8,0.84,6,6,120579,1,2,312138,180,0
54,296659,3,8,1,7,0.67,0,4,42705,0,1,209143,60,0
31,263407,1,2,2,0,0.7,4,16,34912,1,2,419715,30,0
30,384238,3,2,1,1,0.91,2,20,44187,0,0,451374,30,0
39,310376,3,10,0,10,1.0,5,11,115480,0,2,450862,180,0
62,211880,2,9,1,8,0.7,1,15,168598,1,1,16762,90,0
35,100410,1,5,1,4,0.61,4,6,112382,1,2,344872,60,0
54,162655,0,4,2,2,0.7,1,7,25878,0,2,269493,60,0
33,415896,2,1,1,0,0.91,2,2,136562,0,2,140879,90,1
32,375265,0,10,1,9,0.87,1,10,197090,0,1,477907,30,0
25,478437,1,1,0,1,0.66,4,2,175299,1,1,127938,180,1
31,268958,1,6,2,4,0.52,3,14,162741,1,2,326703,60,0
52,201619,3,4,3,1,0.73,7,9,66793,1,0,214808,180,1
19,427247,1,5,0,5,0.68,1,20,18160,0,0,397387,90,0
18,166652,3,10,0,10,0.87,6,3,81929,1,2,450410,180,1
34,129235,2,3,1,2,0.69,3,15,127774,1,1,43290,60,0
41,30363,2,1,1,0,0.69,4,7,35353,1,0,152721,90,0
21,250972,1,2,0,2,0.94,6,13,141973,0,0,377827,30,1
63,144129,2,9,0,9,0.65,3,18,92759,0,0,295505,30,0
63,121856,3,3,2,1,0.74,7,18,181249,1,2,166463,60,1
63,461131,2,0,0,0,0.9,3,9,54423,1,0,107498,180,1
24,37282,1,7,0,7,0.67,2,12,80529,1,0,173551,180,0
63,353408,3,0,0,0,0.63,7,13,166849,0,0,408011,90,0
27,38923,1,9,3,6,0.94,3,17,61959,1,2,414133,30,0
54,84503,0,6,2,4,0.77,5,1,129896,0,1,331905,180,0
34,159911,2,4,2,2,0.75,5,11,138042,1,0,105708,90,0
64,259130,3,9,1,8,0.55,7,3,191803,1,0,455306,30,0
61,471767,0,8,3,5,0.55,1,6,59265,0,2,183130,30,0
59,322070,1,2,1,1,0.73,0,10,4186,0,2,442343,180,0
33,75353,1,5,3,2,0.53,4,7,77814,0,0,396759,180,0
61,49013,1,5,2,3,0.86,2,16,113334,0,2,58961,90,0
47,173425,3,5,2,3,0.53,2,15,163693,1,2,71781,60,0
57,481515,0,9,1,8,0.73,6,10,79700,0,1,399328,60,0
33,59438,2,7,3,4,0.97,3,8,165358,1,2,44336,30,0
39,440218,2,8,0,8,0.72,2,3,167481,0,0,176622,60,0
20,162076,3,9,3,6,0.7,2,3,144260,0,2,34389,30,0
26,266498,1,7,1,6,0.58,1,3,11226,1,1,123736,90,0
57,170094,3,5,2,3,0.99,0,18,23428,0,2,124538,30,0
32,35100,3,6,3,3,0.77,5,2,95675,0,2,65242,90,0
33,447051,0,9,3,6,0.97,2,12,178249,0,2,254706,180,0
60,116236,0,3,0,3,0.77,7,2,84344,0,0,112354,90,1
62,170545,3,1,1,0,0.53,5,2,113004,0,0,427770,30,1
45,143107,0,7,0,7,0.77,4,4,59542,0,2,399422,180,0
38,251505,3,0,0,0,0.62,1,12,159724,1,1,170438,90,0
45,153229,1,7,1,6,0.61,3,4,42455,0,0,84199,60,0
36,419700,3,6,3,3,0.65,5,4,120057,0,1,422539,60,0
56,452648,1,1,0,1,0.65,5,1,9553,1,2,45511,180,0
65,380645,2,2,1,1,0.7,5,20,71803,1,1,496501,60,0
63,256342,2,6,1,5,0.56,4,17,126209,0,2,357456,180,0
62,372524,0,6,1,5,0.81,1,9,60909,0,1,46634,60,0
26,336876,1,2,2,0,0.67,7,12,6199,0,2,68539,30,0
65,125785,3,7,0,7,0.58,4,3,94743,1,0,251459,30,0
36,399553,3,2,0,2,0.92,6,9,38592,0,0,284304,180,0
50,332653,0,4,1,3,0.54,4,7,14887,1,2,296251,90,0
50,461755,1,10,0,10,0.7,2,20,115173,1,1,357929,60,1
30,121652,1,1,1,0,0.7,5,16,9687,1,1,230461,180,0
47,80232,0,9,0,9,0.58,6,6,100017,0,1,452414,60,1
31,306810,2,5,0,5,0.94,1,6,111362,0,2,498389,180,0
56,165279,2,7,1,6,0.53,6,15,150571,0,2,377088,180,0
35,248576,1,2,2,0,0.79,1,17,166109,1,1,26162,90,0
47,403066,0,4,0,4,0.8,4,19,37298,0,2,24922,60,0
30,257646,3,8,1,7,0.92,4,19,163934,0,2,119298,90,0
55,266794,3,1,1,0,0.52,7,6,97116,0,0,339689,90,1
26,459002,0,7,1,6,0.9,7,9,118189,1,2,69412,30,0
54,155442,2,1,1,0,0.56,6,8,82832,1,0,226567,30,0
23,418905,0,3,0,3,0.95,1,0,50147,0,0,353356,90,0
28,296506,3,1,0,1,0.89,2,16,12553,1,0,257456,180,1
28,386380,2,3,2,1,0.72,1,12,138817,0,0,7313,90,1
48,113341,0,3,2,1,0.52,2,13,48380,1,2,306711,90,1
26,459561,0,8,2,6,0.71,0,3,33607,1,1,496853,30,0
64,262517,2,8,3,5,0.88,3,3,161633,0,1,363930,30,0
23,86166,3,0,0,0,0.88,1,6,106831,1,2,389663,180,1
52,369415,3,5,1,4,0.97,6,17,92740,0,2,165705,180,0
50,71379,0,7,0,7,0.51,4,0,57784,1,0,209262,180,0
18,313065,2,2,2,0,0.84,2,11,11002,1,0,42622,180,0
24,201093,1,2,0,2,0.96,4,10,132819,1,0,111684,180,1
49,79591,1,9,0,9,0.94,1,15,125529,0,2,70929,30,1
29,149186,0,9,3,6,0.98,5,15,144267,0,0,284220,30,1
59,59625,1,10,2,8,0.99,4,14,184571,0,2,304384,30,0
32,49108,0,4,3,1,0.68,4,14,94828,1,2,393175,90,0
38,472101,0,7,0,7,0.58,5,5,80027,0,0,128450,30,1
50,42675,0,8,2,6,0.92,3,4,138549,1,2,493144,30,1
59,223679,1,1,1,0,0.98,3,5,9768,0,1,351949,30,1
31,238413,0,8,0,8,0.61,4,2,126195,1,2,199429,180,0
25,452532,2,8,0,8,0.81,4,6,34760,0,2,354821,180,0
43,60690,0,9,1,8,0.71,1,8,21099,0,0,265631,30,0
30,308747,0,6,3,3,0.98,0,16,77866,1,0,444640,90,0
32,324365,2,4,2,2,0.56,6,4,50639,1,2,61537,30,0
48,315320,2,3,2,1,0.81,0,12,6643,0,0,487355,30,1
31,413848,0,8,2,6,0.6,1,15,61399,1,1,479967,90,0
37,99551,1,8,1,7,0.85,7,14,88070,0,2,47466,90,0
36,408907,1,9,0,9,0.63,1,15,177506,0,1,113348,90,0
45,43160,2,4,3,1,0.66,0,5,50869,0,1,422780,180,0
49,226500,0,1,0,1,0.67,6,13,24866,0,1,448195,60,1
24,462996,2,7,1,6,0.67,3,5,180393,1,1,481018,180,0
64,63538,3,5,0,5,0.9,7,0,93104,1,2,473908,90,1
35,287926,0,9,2,7,0.69,5,16,149904,1,2,341313,90,0
65,142098,1,6,1,5,0.78,2,11,43567,1,0,255622,60,0
18,325113,1,4,0,4,0.54,3,11,60432,1,0,393630,180,0
56,122863,1,8,2,6,0.94,6,6,49398,0,0,243497,90,0
28,163795,3,0,0,0,0.67,0,19,156711,0,2,423830,60,1
21,209831,0,2,0,2,0.63,7,13,50494,0,1,325395,180,1
26,27950,0,9,0,9,0.94,3,6,47859,1,0,11302,180,1
39,121452,1,10,2,8,0.83,6,4,142966,1,1,135895,180,0
54,498981,3,6,0,6,0.75,0,17,178648,1,0,337286,60,1
56,202844,2,6,0,6,0.53,7,20,65395,0,1,233543,30,0
58,411918,1,0,0,0,0.93,5,1,92613,0,0,276553,180,0
53,86754,0,10,1,9,0.94,2,10,69223,1,0,192258,180,1
45,419190,3,1,0,1,0.66,4,1,49024,1,0,342552,90,0
61,90003,2,4,2,2,0.53,4,20,152784,1,0,371707,180,1
20,199745,1,8,2,6,0.66,6,2,165663,1,1,466811,30,0
48,147164,3,6,2,4,0.53,6,2,191309,1,2,32287,30,0
41,379498,1,6,3,3,0.63,4,2,89436,1,1,170066,30,0
36,170582,0,9,2,7,0.82,6,19,71257,0,2,351115,90,0
42,133058,0,4,1,3,0.69,1,14,179424,0,1,376325,30,0
25,330921,0,9,3,6,0.79,6,5,74577,0,0,266249,60,1
51,305175,3,2,0,2,0.96,5,1,145434,1,1,206140,90,1
45,150214,2,1,0,1,0.54,5,13,71472,0,0,139381,60,0
48,423098,1,9,1,8,0.74,1,2,65979,0,2,54001,180,0
24,395537,2,8,0,8,0.65,7,8,116289,0,1,243033,180,0
41,331649,0,3,0,3,0.57,7,11,14250,1,0,452449,30,0
61,75628,2,7,1,6,0.73,4,16,179801,0,2,148420,180,0
21,149919,0,10,0,10,0.62,0,4,134238,1,1,107552,30,0
61,345996,3,9,1,8,0.95,1,15,6573,0,0,357665,180,0
32,495252,1,6,1,5,0.52,4,4,127255,1,1,253689,180,0
18,466237,0,2,1,1,0.89,5,6,14639,1,0,229542,60,0
37,391376,3,3,2,1,0.71,1,4,143340,1,1,49442,90,1
35,60921,3,3,0,3,0.57,2,1,51966,0,0,109474,90,1
26,69409,3,4,1,3,0.84,1,13,178210,0,1,173757,30,0
22,85336,3,4,1,3,0.95,4,4,53943,1,1,474207,30,0
46,304402,0,3,3,0,0.56,6,15,123630,0,2,99203,90,0
53,482347,1,1,1,0,0.85,5,19,5239,1,1,408703,180,0
62,121242,3,2,0,2,0.97,7,14,196225,0,2,282472,90,0
18,412297,2,1,0,1,0.97,6,4,194976,0,2,360491,180,1
18,410596,2,2,2,0,0.94,1,18,84560,0,1,286348,90,0
64,138207,1,10,0,10,0.83,6,17,86186,0,1,14058,30,0
64,323725,3,10,3,7,0.86,5,2,38322,0,2,317364,90,0
41,171755,1,8,2,6,0.84,5,20,182125,0,1,329954,180,0
62,205339,0,1,1,0,0.66,3,13,78739,0,1,320860,90,0
41,135323,1,4,3,1,0.83,6,20,172847,1,0,308656,90,0
35,478789,1,8,1,7,0.9,1,19,75905,1,2,324038,30,0
56,345604,2,1,0,1,0.77,7,18,63735,1,2,485835,180,1
55,48327,0,3,1,2,0.61,5,10,30211,1,1,295991,60,1
45,373972,0,7,2,5,0.9,5,6,107921,1,2,467574,180,0
37,87675,2,3,3,0,0.9,1,14,62001,1,0,96867,30,0
20,131286,1,3,1,2,0.74,1,19,44282,0,0,101679,60,0
38,34082,0,1,0,1,0.86,3,11,18268,1,1,338852,180,1
32,171299,3,1,0,1,0.58,2,16,155667,0,0,192418,60,0
55,204470,0,5,0,5,0.55,3,18,919,1,1,193375,60,0
37,317345,1,6,2,4,0.93,3,7,168312,1,1,470810,180,0
48,139746,3,1,0,1,0.97,4,7,131667,0,2,77882,60,0
48,304803,3,9,3,6,0.6,4,14,163500,0,2,392143,60,0
32,120581,1,7,3,4,0.59,1,15,159844,0,2,416340,90,0
61,339927,3,7,2,5,0.99,7,19,120799,1,1,148828,30,0
43,305063,3,10,3,7,0.92,1,11,5599,1,0,467608,180,0
19,285732,0,2,1,1,0.65,7,13,73752,1,1,224818,30,0
42,339390,2,9,1,8,0.79,6,13,79448,1,1,118950,30,1
36,312782,3,3,1,2,0.79,2,15,77934,0,1,450214,180,1
54,239489,1,9,1,8,0.8,5,3,79050,1,1,488419,90,0
32,335157,1,6,3,3,0.97,5,15,18623,0,0,184976,30,0
32,454863,0,10,3,7,0.91,4,17,71826,1,2,81125,90,0
26,269356,0,5,0,5,0.75,1,19,49594,0,0,15543,30,0
34,285698,2,9,1,8,0.51,1,6,84748,1,1,429416,90,1
23,73606,1,7,3,4,0.61,1,2,64842,0,2,383542,60,0
51,136821,0,2,1,1,0.82,3,18,44705,0,2,155225,90,0
21,305363,3,5,3,2,0.63,4,19,189288,0,2,227685,180,0
46,92678,0,8,0,8,0.68,2,16,49192,1,2,165154,90,0
49,434777,0,7,2,5,0.58,4,17,124863,0,2,46343,180,0
45,285477,1,7,2,5,0.98,1,17,136631,0,2,370404,90,0
62,136189,2,8,3,5,0.72,6,19,15729,0,1,85261,180,0
59,426799,2,2,1,1,0.73,2,12,171909,0,2,161682,90,0
34,323131,1,4,1,3,0.81,1,13,77861,1,0,356771,180,0
45,87050,1,1,0,1,0.61,2,17,37293,0,0,82539,90,1
35,484088,1,1,1,0,0.59,6,10,36165,1,2,265365,30,0
19,430769,1,2,2,0,0.59,6,9,47199,1,2,335399,60,0
59,443230,3,3,3,0,0.65,4,1,97264,0,2,154442,60,0
30,301837,2,0,0,0,0.75,3,6,173531,1,2,406073,180,1
53,64263,0,0,0,0,0.93,6,19,145647,1,2,8887,60,1
40,27416,2,7,0,7,0.69,6,12,138218,0,2,394134,90,0
58,125631,2,3,2,1,0.97,0,15,33600,1,0,94432,30,0
59,217809,1,7,1,6,0.53,1,13,199841,0,0,126612,30,1
59,428825,1,5,2,3,0.73,1,9,146528,0,1,336651,90,0
21,471061,1,8,2,6,0.72,1,19,18926,1,0,302184,90,0
58,138188,3,3,3,0,0.84,5,14,54226,0,1,307606,30,0
53,221086,0,0,0,0,0.5,7,5,121459,1,0,339271,60,0
58,99652,2,1,1,0,0.72,4,18,7087,1,0,490605,30,0
55,444601,2,0,0,0,0.54,6,14,134481,1,0,231830,180,0
53,366403,1,7,0,7,0.53,4,2,115395,1,0,265122,90,0
43,321397,3,4,3,1,0.69,2,18,126167,1,0,253680,90,0
26,270735,2,1,0,1,0.84,7,9,16070,0,2,92706,180,0
40,164241,2,3,3,0,0.78,0,15,78859,0,1,357249,30,1
60,379694,2,7,1,6,0.58,5,2,118396,0,0,170957,90,0
58,39435,0,4,3,1,0.52,5,5,77035,1,2,234456,90,0
61,159230,3,5,3,2,0.67,6,9,197887,0,1,62277,60,0
30,222618,0,8,2,6,0.88,2,17,177816,1,1,95792,30,1
18,381446,0,0,0,0,0.9,0,16,97087,1,0,418505,60,1
62,178779,0,9,1,8,0.97,6,19,107995,1,2,331305,30,1
19,83630,0,0,0,0,0.6,1,2,67194,0,1,21929,180,0
49,197606,0,6,2,4,0.6,2,1,153188,1,0,34912,30,0
35,218258,1,9,0,9,0.86,5,6,116579,0,1,445005,90,0
62,270776,0,0,0,0,0.72,6,10,62668,1,2,190707,60,1
55,124592,1,5,0,5,0.95,5,7,73191,0,0,435554,30,1
51,176491,2,10,0,10,0.81,3,8,102550,0,2,322693,60,0
59,490113,0,8,3,5,0.82,3,17,183179,1,2,270362,30,0
64,493597,0,2,0,2,0.75,6,7,149396,1,2,476369,60,1
45,438353,0,10,3,7,0.95,5,20,60026,1,2,78798,60,0
51,480559,1,2,2,0,0.78,3,16,77059,1,0,421525,30,1
56,54887,1,9,0,9,0.56,4,7,196330,0,1,317201,90,0
36,57590,2,3,2,1,0.74,4,7,152385,0,2,482051,180,1
32,181354,3,1,0,1,0.51,1,1,66006,0,1,183757,30,0
40,83767,1,5,3,2,0.8,6,4,86968,1,0,368946,30,0
56,176893,1,4,3,1,0.52,1,12,29391,1,0,219859,180,1
27,107178,0,10,3,7,0.89,2,20,20219,0,2,104743,180,1
24,169899,1,5,0,5,0.55,0,13,61658,1,0,492608,90,0
20,246499,0,0,0,0,0.67,6,5,174769,1,1,473586,180,0
29,316240,3,1,0,1,0.73,1,18,153345,0,0,385777,90,0
55,171121,0,3,2,1,0.84,2,5,62788,1,2,153980,30,0
40,251325,0,5,2,3,0.76,1,4,41135,0,0,118912,90,0
61,498560,3,2,0,2,0.56,0,12,95745,1,0,43995,30,0
24,333781,3,7,3,4,0.79,4,18,20682,0,0,32129,180,0
41,306341,0,1,0,1,0.75,2,7,190963,0,2,262910,60,0
57,462072,2,10,0,10,0.68,3,5,175918,1,1,207925,30,1
28,449135,1,2,0,2,0.85,2,1,161784,0,0,205159,180,1
36,256063,1,4,0,4,0.89,0,16,80350,1,1,75699,60,1
22,84200,0,4,1,3,0.97,4,17,163816,1,2,184691,30,1
35,50039,0,8,2,6,0.98,7,11,159902,1,2,427491,30,0
26,388730,0,10,2,8,0.7,1,2,15098,0,1,222841,30,1
21,330021,0,2,1,1,0.98,2,9,47929,1,2,353593,90,1
62,37014,2,7,1,6,0.79,0,10,177051,0,1,344864,180,0
59,420254,0,0,0,0,0.56,7,3,79001,0,0,105183,60,0
51,295574,1,4,1,3,0.73,7,9,123593,1,1,421915,180,1
53,461390,2,8,0,8,0.56,0,18,170847,0,2,304965,90,1
30,398922,3,3,2,1,0.79,5,1,62617,0,2,179077,30,0
33,52224,2,10,0,10,0.58,3,9,127472,0,2,53274,90,0
28,66165,0,4,1,3,0.59,1,1,128409,1,1,72805,30,0
62,275541,1,2,2,0,0.72,1,12,168193,0,1,124177,60,1
31,185537,1,8,1,7,0.56,5,2,112691,1,2,396655,60,0
41,222017,3,8,2,6,0.75,2,8,85198,0,0,190057,60,0
47,480924,2,7,1,6,0.93,0,2,28315,0,1,156751,30,1
50,270134,0,2,2,0,0.62,1,16,150487,0,2,187498,90,0
27,458455,0,5,2,3,0.53,0,11,119535,0,2,31924,90,1
33,21785,1,1,0,1,0.89,0,17,93031,1,0,230490,60,0
32,478740,2,9,0,9,0.55,7,5,41248,1,1,322636,90,0
37,317411,0,6,3,3,0.65,3,0,95771,0,2,115127,180,0
52,474690,3,4,0,4,0.98,2,4,101096,0,2,417602,30,0
33,117764,0,10,2,8,0.71,5,11,99533,0,1,467058,60,0
27,107661,1,9,3,6,0.98,6,9,199532,1,2,91866,60,0
24,25209,3,5,1,4,0.62,7,4,33062,0,1,194796,60,0
43,120388,2,2,1,1,0.95,1,14,179057,1,2,134365,60,0
64,276119,3,0,0,0,0.72,6,20,198508,1,0,277671,60,1
20,204953,3,10,2,8,0.66,7,5,147595,1,1,485078,30,0
23,245689,0,8,1,7,0.92,3,18,20892,1,1,196998,180,1
58,290854,3,7,1,6,0.71,3,12,182339,0,1,206055,30,0
40,470171,2,4,0,4,0.85,4,11,149287,1,1,24958,30,1
27,415875,0,3,0,3,0.83,1,9,194589,1,1,438639,30,1
33,328299,0,10,0,10,0.75,0,16,137478,0,1,195339,60,0
47,493961,0,8,2,6,0.52,6,15,447,0,0,476267,60,0
42,117800,2,7,0,7,0.55,1,13,8006,1,1,446224,180,0
62,459180,0,5,0,5,0.78,1,9,41910,0,2,43528,180,0
18,488076,3,0,0,0,0.53,7,13,60950,0,1,296140,60,0
54,315933,2,3,0,3,0.84,5,17,4982,1,2,124626,180,1
52,151180,0,10,2,8,0.58,7,3,169242,0,1,496323,60,0
24,425878,3,3,2,1,0.99,2,2,276,0,0,337096,180,1
28,417712,0,3,2,1,0.72,5,2,152730,0,1,318241,90,0
31,204543,0,6,3,3,0.65,4,4,181747,1,2,495498,180,0
49,230639,0,3,2,1,0.51,3,9,1655,0,0,292944,90,0
55,214367,2,8,1,7,0.51,2,1,30405,1,0,12797,180,0
55,149151,3,2,1,1,0.88,5,15,32468,1,1,169897,30,0
25,309902,1,10,2,8,0.57,0,9,179836,1,1,318875,90,0
46,136554,3,6,0,6,0.93,6,3,131546,0,1,190754,180,0
61,160237,2,5,2,3,0.69,3,11,142306,0,2,444236,180,0
61,146392,2,10,2,8,0.75,3,4,158737,1,0,286987,60,0
52,345634,3,10,3,7,0.64,7,8,67816,0,0,412444,30,0
58,335152,1,9,3,6,0.71,6,18,114093,0,0,128668,30,0
58,446575,0,7,2,5,0.77,2,3,20176,1,2,219431,60,0
45,138458,0,10,1,9,0.74,2,20,83977,0,0,480407,180,0
44,296840,2,3,1,2,0.69,5,1,104104,1,2,234775,30,0
26,180065,3,1,0,1,0.9,0,16,170933,0,0,263990,60,0
45,303819,3,0,0,0,0.62,7,17,67477,1,1,288252,30,0
49,74557,2,5,0,5,0.95,5,9,116969,1,2,210696,90,1
21,307714,3,5,0,5,0.76,0,10,88582,0,0,228827,60,1
65,269261,3,3,3,0,0.98,0,5,104566,1,1,130443,180,1
58,129793,1,2,0,2,0.99,1,12,199007,0,0,36977,180,0
43,88090,2,9,0,9,0.56,6,13,178519,1,1,328664,30,0
32,326366,2,9,0,9,0.82,2,2,59066,1,0,267596,60,1
26,463571,2,1,1,0,0.93,0,19,171244,1,1,109470,90,0
53,362429,2,0,0,0,0.73,3,7,33303,0,1,229355,60,0
37,456907,0,10,1,9,0.7,5,10,87616,0,2,299035,90,0
62,382617,2,9,3,6,0.93,3,20,122483,1,1,97349,90,0
54,492072,1,0,0,0,0.66,2,18,100360,1,1,318233,180,0
56,236310,2,2,0,2,0.74,5,8,117887,1,1,121924,90,1
40,337435,0,5,3,2,0.77,7,19,127591,1,2,157424,60,0
21,93056,1,0,0,0,0.82,7,1,6712,1,0,377140,90,1
62,375856,0,7,1,6,0.78,4,9,31270,1,2,145347,180,0
57,318827,3,4,2,2,0.9,7,18,28418,1,1,441411,30,0
34,144037,1,7,3,4,0.62,4,12,96024,0,1,42073,180,0
22,181973,3,9,3,6,0.72,4,16,84234,1,0,363190,90,0
19,165279,1,5,2,3,0.55,1,19,184332,0,2,270429,90,0
51,196337,0,2,0,2,0.87,1,5,168680,0,2,56112,180,0
32,97418,2,4,1,3,0.66,0,17,55598,0,2,387581,180,0
50,136919,2,10,0,10,0.83,5,6,198389,0,0,62521,180,0
56,99911,2,3,0,3,0.81,0,18,113413,1,0,344265,180,1
39,118381,1,2,0,2,0.83,0,14,95826,0,1,206479,90,0
19,254234,2,0,0,0,0.78,0,8,193704,0,0,204942,30,1
20,213841,2,7,0,7,0.8,4,16,92286,0,2,111807,180,0
49,290769,1,6,2,4,0.5,0,14,113611,1,1,219203,90,1
37,228696,0,4,0,4,0.86,2,1,165349,1,0,422867,180,1
54,400097,2,7,1,6,0.98,7,0,51056,1,1,117230,180,1
24,206527,2,7,0,7,0.78,7,14,74372,0,1,13909,30,1
20,119547,2,9,0,9,0.75,5,10,96123,0,2,79616,90,0
60,174984,1,10,0,10,0.53,1,3,37775,0,1,492215,60,0
48,92610,3,0,0,0,0.55,2,1,127189,0,2,379570,90,1
22,229793,1,1,1,0,0.99,3,2,90528,1,0,444424,60,1
41,302472,0,9,2,7,0.89,7,2,49856,1,1,481380,90,0
18,499846,0,8,3,5,0.75,6,19,179799,1,2,381807,90,0
23,104751,3,8,2,6,0.78,1,13,137929,1,1,50916,180,0
26,154664,3,1,1,0,0.55,6,13,15249,0,1,369525,180,0
41,376020,1,4,2,2,0.79,0,4,161311,0,2,72623,180,1
42,325208,3,4,3,1,0.83,0,0,190327,0,2,400736,60,0
19,311018,1,7,1,6,0.76,0,8,124681,1,2,172383,180,0
49,77181,3,1,0,1,0.81,7,19,142485,0,0,31769,180,0
25,115023,0,5,2,3,0.67,7,13,97491,0,0,86064,60,1
56,253007,0,1,0,1,0.79,0,4,42258,0,2,340570,90,0
41,161341,1,9,1,8,0.89,2,5,17507,1,1,126168,90,0
62,103991,0,4,1,3,0.87,2,14,114148,1,0,419497,30,1
56,197733,2,3,3,0,0.59,7,13,70476,0,1,403366,30,0
64,76029,2,9,3,6,0.63,6,20,132504,1,1,497661,90,0
44,284031,0,0,0,0,0.73,7,8,103558,1,0,327698,30,1
26,247690,2,5,3,2,0.74,0,1,14197,1,0,85707,90,0
27,230652,2,0,0,0,0.76,6,5,178228,1,2,227763,60,1
54,122747,2,8,1,7,0.65,4,4,78773,1,2,58899,90,0
19,401959,0,2,1,1,0.51,4,14,158756,0,0,170510,30,1
54,358094,2,5,1,4,0.97,4,6,135156,0,0,62647,60,0
40,333354,1,10,3,7,0.78,6,2,132459,0,1,449446,180,0
29,192000,0,2,0,2,0.78,5,12,3471,0,1,477135,30,1
57,296776,1,1,1,0,0.92,5,10,45531,0,2,10652,180,0
38,496677,3,2,0,2,0.91,7,5,107098,0,0,467237,90,0
27,225988,1,7,0,7,0.55,0,1,2896,0,1,77764,30,0
63,327101,0,8,0,8,0.92,5,15,128726,0,0,435889,30,0
23,172837,3,1,1,0,0.61,4,19,104809,0,1,319829,180,0
30,101121,1,5,3,2,0.8,7,12,148280,1,1,202430,90,0
44,206856,2,9,2,7,0.77,4,20,90327,0,0,199920,30,0
33,274290,0,4,0,4,0.97,4,11,99763,0,1,330730,30,1
28,204895,3,8,3,5,0.79,7,12,194319,0,0,74017,90,0
62,146684,2,10,0,10,0.71,2,12,51843,0,0,319564,30,1
34,359463,1,0,0,0,0.69,4,20,19874,1,2,112880,60,1
60,139859,2,8,2,6,0.82,5,2,162444,1,0,427754,180,1
31,200753,2,4,3,1,0.74,0,20,87507,0,2,465507,180,1
22,359096,1,5,1,4,0.6,4,17,197742,0,1,135866,90,0
55,26074,1,1,0,1,0.5,6,19,5905,0,0,114285,180,0
33,218673,0,8,3,5,0.91,0,13,44732,1,1,412309,90,0
34,87603,1,3,1,2,0.68,7,3,161115,1,0,209503,180,0
54,248374,3,5,0,5,0.77,5,12,112592,1,1,17737,30,1
64,357211,3,4,2,2,0.56,2,5,145885,1,0,331032,180,1
34,448205,0,9,1,8,0.52,6,9,67002,0,2,256841,60,0
35,460351,0,5,2,3,0.67,4,19,134947,0,1,228962,90,0
41,435020,2,9,3,6,0.6,4,20,185080,0,1,353139,60,0
34,355359,2,2,0,2,0.79,1,11,28971,0,1,38302,180,0
34,430238,2,10,0,10,0.62,7,9,193883,0,1,312353,180,0
37,461956,0,2,2,0,0.55,3,0,87730,0,0,165376,180,0
35,473511,2,4,0,4,0.9,4,7,130650,0,2,341204,60,0
56,366652,0,1,1,0,0.59,5,5,128690,0,0,51738,30,1
46,171751,0,10,1,9,0.88,2,3,32555,1,2,483771,30,0
48,393482,2,10,0,10,0.87,3,14,5032,1,1,404997,60,1
55,235959,2,9,1,8,0.99,3,8,143586,1,1,209502,90,0
64,497232,2,6,1,5,0.8,6,11,135240,1,2,330200,60,1
64,238916,1,5,3,2,0.67,6,13,152201,0,0,490916,90,0
65,46509,1,1,0,1,0.82,1,0,50409,1,1,496861,60,0
55,173850,1,3,3,0,0.52,6,6,107696,0,2,343402,30,0
46,358819,2,1,1,0,0.67,3,1,186896,0,1,374846,30,0
63,487531,3,9,0,9,0.82,7,10,135844,0,0,247914,90,0
29,89065,2,2,1,1,0.91,6,2,180887,1,1,465329,180,0
53,21243,2,3,1,2,0.69,3,19,110168,0,2,181539,30,0
27,139952,0,4,1,3,0.74,4,11,199540,0,1,270622,180,0
62,155818,1,5,0,5,0.53,3,12,128785,1,1,73052,180,0
55,263260,2,7,2,5,0.73,6,0,98600,1,2,303335,30,1
57,186989,0,5,2,3,0.63,2,14,62844,1,2,358841,180,0
60,193941,2,7,2,5,0.57,7,17,152375,1,2,106374,180,1
65,358697,1,4,3,1,0.87,6,5,90100,1,1,210957,60,0
65,194666,3,0,0,0,0.7,0,4,25192,1,2,183763,180,1
56,384698,2,7,2,5,0.81,4,2,37805,0,0,417280,60,0
46,411514,0,4,2,2,0.91,6,0,74003,1,0,168866,180,1
63,322720,1,3,0,3,0.97,2,3,9222,0,0,464980,90,0
45,213763,2,10,3,7,0.97,6,2,48515,1,0,285027,90,1
25,314091,2,9,3,6,0.91,7,11,69453,0,1,373081,180,1
30,365407,2,3,3,0,0.61,3,3,112380,0,0,98454,60,1
61,395068,0,1,0,1,0.63,5,16,193524,1,0,362807,90,0
44,427587,1,8,2,6,0.86,0,19,20747,1,0,432959,30,0
55,360320,2,8,1,7,0.57,5,18,18912,0,1,452492,90,1
45,277544,3,7,2,5,0.72,5,4,120362,1,0,410450,30,0
30,270175,2,2,0,2,0.78,3,17,38311,1,1,206842,180,1
31,254566,1,5,1,4,0.68,4,14,144243,0,0,407459,60,0
61,429169,1,5,3,2,0.77,2,14,137038,1,0,263425,30,0
29,498054,1,8,3,5,0.8,7,14,148491,1,1,423632,90,0
61,398259,3,5,1,4,0.58,4,8,21866,1,1,480128,90,0
56,434590,0,5,1,4,0.78,5,16,87583,0,0,340607,30,0
54,453758,1,5,2,3,0.59,6,18,82728,0,0,147871,60,0
62,385304,2,6,1,5,0.52,5,1,78579,0,1,224347,180,0
26,378219,0,7,1,6,0.64,7,17,163945,1,0,195356,180,0
44,378539,2,10,2,8,0.77,2,2,30794,1,1,316677,180,0
64,406312,2,9,2,7,0.73,7,5,154040,1,0,241105,30,0
47,429578,0,5,0,5,0.63,7,11,68698,0,0,148804,30,0
34,459668,1,2,0,2,0.85,3,7,10804,0,2,416710,180,0
44,303364,3,2,0,2,0.61,5,5,107659,0,0,5946,90,1
31,397397,3,4,3,1,0.86,2,9,19715,0,2,310553,90,0
24,349105,1,0,0,0,0.62,1,5,97594,0,1,220456,180,0
26,113876,0,8,2,6,0.97,2,19,27033,0,0,257379,30,0
19,289065,2,3,2,1,0.94,1,7,16353,0,1,420369,60,1
56,287417,0,5,3,2,0.51,0,13,93978,0,1,280346,60,0
64,175875,3,0,0,0,0.7,7,5,78689,1,0,373288,90,1
37,185751,1,9,1,8,0.63,3,6,42423,0,0,341761,60,0
50,366870,2,3,1,2,0.61,1,18,99666,0,0,422295,30,0
39,273600,1,6,3,3,0.64,7,6,20016,0,2,203996,180,0
29,280175,0,7,3,4,0.58,0,16,18579,1,0,455674,90,0
56,451723,3,10,1,9,0.72,6,1,44137,0,0,436184,30,0
23,343434,3,9,0,9,0.55,7,16,62729,1,1,440496,90,0
25,137261,0,5,0,5,0.69,6,2,148287,0,0,26473,180,0
39,152246,2,4,1,3,0.51,2,19,161068,1,2,433488,90,0
33,299822,1,0,0,0,0.62,7,17,61754,1,1,206273,60,0
55,43205,2,9,0,9,0.97,5,11,142503,1,2,128266,60,0
41,190672,2,10,1,9,1.0,5,3,25995,0,1,280599,180,0
28,240169,1,5,0,5,0.81,2,0,197274,0,2,184403,180,0
47,103021,3,2,1,1,0.54,7,14,61137,0,2,402357,180,0
28,421258,1,7,0,7,0.81,0,5,31175,1,2,249340,60,1
19,118190,1,7,3,4,0.97,7,1,13595,1,2,316128,180,0
25,469503,3,3,2,1,0.88,5,0,160269,0,2,103141,180,0
64,362239,2,5,0,5,0.73,6,3,58512,0,2,400247,30,1
45,107693,3,4,0,4,0.53,2,5,81347,0,1,308622,90,1
64,492075,1,2,0,2,0.75,3,2,144547,0,1,170104,180,0
50,324153,3,4,0,4,0.87,6,4,183164,0,1,59561,60,0
50,215546,3,0,0,0,0.76,2,7,29458,1,1,341938,60,1
58,38880,1,8,1,7,0.58,2,0,187419,0,1,61158,30,1
53,280331,0,3,3,0,0.51,6,2,154511,0,2,363709,180,0
37,56040,2,10,2,8,0.87,0,2,160120,0,2,252923,60,0
43,125825,0,7,3,4,0.94,5,7,185597,0,2,340376,30,1
44,280488,3,5,0,5,0.95,6,6,49777,0,0,114914,90,0
58,412199,1,7,2,5,0.6,3,18,196684,1,2,314725,30,0
57,359738,1,0,0,0,0.94,4,20,20689,1,1,130944,60,1
64,262644,0,4,0,4,0.88,2,14,118213,1,2,371219,180,1
47,115148,3,3,0,3,0.79,3,13,121160,0,1,261900,180,0
36,260822,2,7,0,7,0.62,5,16,51001,0,1,36541,180,1
20,167950,0,1,1,0,0.96,4,16,164478,0,2,40242,60,0
22,47297,3,2,0,2,0.73,1,1,119686,1,0,402925,90,0
38,473890,2,5,0,5,0.7,3,5,126077,1,1,310727,30,1
52,331191,2,6,1,5,0.95,3,5,169143,1,1,288162,180,1
40,94970,1,9,2,7,0.79,3,3,161253,1,2,452959,30,0
32,440542,0,4,1,3,0.71,1,5,128348,0,0,462900,30,0
53,376607,2,8,1,7,0.92,6,1,150519,1,2,386257,180,0
47,181672,0,10,0,10,0.51,2,5,173470,1,0,461337,180,0
41,436618,2,4,2,2,0.92,3,7,135981,0,2,492214,180,0
34,414588,2,4,1,3,0.56,7,6,73467,1,2,25854,60,0
36,93809,3,4,3,1,0.77,5,3,188501,1,2,419254,180,0
54,96448,2,7,0,7,0.79,1,7,10768,0,0,176171,60,1
43,49735,2,7,1,6,0.52,2,9,194866,1,0,362288,30,0
47,430162,1,10,2,8,0.66,5,9,10534,0,0,41826,60,0
18,196955,0,7,3,4,0.54,1,2,75293,1,0,223798,180,1
54,166693,3,4,3,1,0.7,4,7,193619,0,2,325819,60,0
19,323763,3,9,0,9,0.64,2,12,195578,1,2,69272,60,0
28,150343,3,1,1,0,0.61,3,19,70120,0,1,479506,180,0
58,112687,1,1,1,0,0.78,1,19,122278,1,0,224380,30,0
33,476417,2,4,1,3,0.92,3,20,130188,1,0,484986,60,0
24,477815,2,0,0,0,0.96,4,11,165989,0,1,428672,180,0
52,139330,0,7,3,4,0.59,0,9,12016,0,2,176052,30,0
42,60018,2,9,0,9,0.56,0,9,63096,1,2,372051,60,0
59,416158,1,9,0,9,0.82,3,11,164782,0,0,198917,30,0
58,354861,1,2,2,0,0.62,7,4,100675,0,2,352055,30,0
18,414319,3,1,1,0,0.78,0,2,181919,1,0,87941,180,1
45,405609,3,8,0,8,0.5,6,14,58323,1,1,183111,90,0
47,498306,2,1,1,0,0.93,0,4,9304,0,0,283605,60,0
61,33626,0,5,0,5,0.93,2,17,165007,0,2,475176,180,0
21,187900,1,3,2,1,0.81,5,16,5619,0,2,104068,30,0
37,37987,0,6,3,3,0.85,6,5,328,0,0,191624,180,0
32,178700,1,10,1,9,0.97,6,11,31056,0,0,48308,30,1
32,103693,2,0,0,0,0.61,1,17,195458,1,1,24322,180,1
22,47065,0,3,3,0,0.79,6,6,86435,0,0,111521,30,0
47,181460,2,5,2,3,0.65,6,19,180352,1,0,63033,180,0
30,450595,1,6,0,6,0.79,7,3,154411,1,1,278916,180,1
64,212465,1,10,3,7,0.65,6,3,133857,0,1,86603,60,0
61,265290,3,4,0,4,0.57,6,8,29401,0,1,161154,90,1
42,60192,3,8,1,7,0.98,7,10,1733,1,2,20356,180,0
24,479537,2,5,1,4,0.62,0,20,30645,1,0,87489,30,1
58,392400,2,6,3,3,0.54,5,15,158865,0,2,251159,30,1
37,179470,1,6,1,5,0.9,0,1,168430,0,2,458777,180,0
58,270316,0,7,3,4,0.57,2,18,97660,0,0,427974,60,0
56,91360,0,4,3,1,0.61,6,0,136125,0,2,341069,30,0
62,39633,1,1,0,1,0.5,7,7,179820,1,2,185341,180,0
50,48626,0,1,0,1,0.92,2,5,65449,0,2,75696,30,0
60,146169,0,7,3,4,0.51,5,16,73491,0,1,109456,30,1
62,304154,2,6,1,5,0.9,5,19,154442,1,0,135816,60,0
37,442144,3,5,1,4,0.5,1,2,103455,0,0,369837,60,0
36,318533,3,3,0,3,0.65,0,8,144489,0,1,340166,180,0
27,233633,3,2,1,1,0.83,3,9,178710,0,1,185153,180,1
55,403514,3,10,3,7,0.63,6,13,130704,1,0,275818,180,0
45,238833,3,6,3,3,0.62,5,19,87221,0,2,411819,180,0
27,282654,3,1,0,1,0.8,7,10,52945,0,0,46907,90,0
25,269957,1,8,2,6,0.83,4,0,178217,0,2,425701,180,0
28,200166,2,4,1,3,0.95,0,18,95096,1,2,274386,90,0
40,159775,2,10,3,7,0.94,4,14,121465,1,1,349647,90,0
24,497743,0,1,0,1,0.96,1,6,191625,0,2,36050,30,0
23,43684,2,2,2,0,0.67,5,17,151566,0,2,449263,90,0
35,425592,2,8,1,7,0.77,0,3,66982,0,0,244924,90,0
51,239959,3,2,2,0,0.7,5,14,182154,1,2,244835,60,1
19,448331,2,4,0,4,0.52,3,3,134244,0,0,29344,90,0
29,151533,0,1,1,0,0.97,2,0,86971,1,0,414489,180,1
28,451576,2,0,0,0,0.74,2,2,6204,1,0,233786,30,0
48,268986,3,6,1,5,0.69,2,14,68010,0,0,27892,30,0
34,357269,2,0,0,0,0.71,0,2,196951,1,2,215936,60,1
31,379997,3,6,3,3,0.85,3,11,37929,1,1,356869,90,0
26,366125,0,8,1,7,0.93,4,18,42431,1,1,119635,90,0
54,288960,1,3,3,0,0.7,4,16,2003,1,2,351287,60,0
43,447928,3,4,3,1,0.95,6,20,92566,0,1,202272,90,0
28,121343,1,5,1,4,0.88,2,7,164030,0,2,483511,60,1
60,456696,2,2,1,1,0.83,2,10,198190,0,0,63065,180,0
41,58136,3,0,0,0,0.88,2,12,85205,1,2,162657,60,1
22,272056,0,1,1,0,0.52,5,2,29878,0,2,183233,180,0
36,405084,1,8,2,6,0.52,5,6,96025,0,0,242499,180,0
58,22959,2,1,1,0,0.94,4,20,70541,1,1,371560,30,0
62,121651,3,4,0,4,0.83,1,16,75024,1,0,498272,90,1
21,374594,1,6,2,4,0.65,5,7,87066,1,1,135009,180,0
60,229381,3,8,3,5,0.8,7,17,141840,1,1,158588,60,0
46,99177,1,3,0,3,0.52,1,11,86687,1,2,473730,90,0
47,126361,1,5,2,3,0.78,6,4,166019,0,1,447233,90,0
31,298828,3,6,2,4,0.85,3,14,131350,1,2,307782,180,0
37,473763,1,8,2,6,0.59,4,2,137100,0,1,209527,180,1
61,302967,1,7,1,6,0.69,4,13,128096,1,2,293352,180,0
47,209693,0,9,1,8,0.59,6,8,11545,1,1,418080,180,0
35,439201,1,9,0,9,0.51,7,0,43006,0,1,343424,180,0
58,224251,0,3,1,2,0.74,1,4,725,1,0,321035,180,0
52,104116,3,5,1,4,0.65,1,11,123058,1,2,346817,90,0
59,353340,3,7,2,5,0.76,6,1,19346,0,2,453870,30,0
55,294534,2,5,2,3,0.56,1,2,63517,1,1,72594,90,0
22,115370,1,5,1,4,0.63,4,9,9007,0,0,33173,30,0
52,229637,2,10,2,8,0.84,1,19,69637,0,2,280590,180,0
19,83422,2,0,0,0,0.79,0,14,113887,0,0,362276,90,0
61,49855,0,0,0,0,0.5,2,5,70848,1,2,253149,60,0
19,92679,3,7,3,4,0.85,3,14,95425,0,2,76092,30,1
48,182144,3,1,1,0,0.87,7,8,122486,0,1,63940,90,1
64,30431,2,0,0,0,0.87,6,3,84816,0,1,369458,180,1
29,133203,1,3,2,1,0.61,7,1,57574,0,1,293628,90,1
41,105286,3,9,2,7,0.76,5,11,90675,0,1,27691,60,0
55,309456,3,3,2,1,0.56,4,4,35665,1,2,279792,60,0
28,453702,3,4,0,4,0.72,4,20,176798,0,2,52668,180,1
62,217645,2,5,0,5,0.87,0,15,25698,0,2,356407,90,0
55,148750,1,8,0,8,0.79,4,1,46545,0,2,253583,90,1
63,247479,2,4,3,1,0.81,5,9,128589,0,2,432018,30,0
27,480942,2,4,1,3,0.88,0,5,196245,0,0,340826,180,0
50,455249,0,10,1,9,0.82,5,5,3699,0,0,387817,180,0
55,181949,3,10,3,7,0.89,2,14,77842,1,0,8174,30,0
49,38289,1,4,1,3,0.77,1,5,143096,1,1,433808,30,1
30,169379,1,7,0,7,0.97,3,0,52260,0,1,305686,90,0
44,173816,2,1,1,0,0.75,7,10,137924,1,0,164836,30,0
41,297401,2,1,1,0,0.93,3,5,135352,0,0,93324,180,0
30,296665,0,3,1,2,0.64,7,15,32605,1,2,164442,90,0
45,78740,3,2,2,0,0.95,5,8,35647,0,1,7041,30,1
55,122612,3,2,1,1,0.84,1,5,179464,1,1,136211,30,1
23,82590,1,10,3,7,0.5,1,6,99354,1,1,165578,90,1
46,298953,0,10,3,7,0.77,2,3,43930,0,2,96970,60,0
62,71990,1,9,2,7,0.77,6,0,195556,0,1,164223,90,1
45,189472,0,0,0,0,0.83,2,6,142432,0,1,90298,30,1
33,106969,0,2,0,2,0.71,2,9,181800,1,0,46274,90,1
39,51236,3,7,0,7,0.9,1,17,35194,1,2,59637,180,1
63,199940,0,1,0,1,0.54,2,18,178939,1,0,322578,90,0
54,184017,3,9,1,8,0.95,5,3,134421,0,0,29313,60,1
29,26437,0,0,0,0,0.67,6,12,60226,0,0,480741,60,0
22,113408,0,0,0,0,0.73,5,8,162652,0,0,245052,60,0
57,380629,0,1,0,1,0.76,4,13,109087,1,0,397531,30,1
19,495545,2,2,0,2,0.59,2,1,163018,1,2,470072,60,0
50,307100,0,9,2,7,0.7,7,16,93298,1,1,29253,90,0
32,313938,2,4,0,4,0.73,0,5,159770,1,2,265829,60,1
64,200229,2,1,0,1,0.73,0,2,142839,1,1,103972,180,1
55,278006,2,1,0,1,0.72,3,11,73851,1,0,59167,180,1
38,277665,3,10,3,7,0.56,7,5,133970,0,0,416501,180,0
62,405130,3,0,0,0,0.93,3,16,122505,0,1,369136,180,0
54,149016,3,6,3,3,0.52,1,11,123233,1,2,335864,90,0
52,420312,3,6,1,5,0.73,2,20,159101,1,2,39297,90,0
25,32718,1,2,0,2,0.9,2,0,197697,0,1,471330,90,0
59,402600,3,7,3,4,0.77,4,10,152715,1,2,266330,90,0
57,387177,3,0,0,0,0.66,7,17,170817,1,1,186609,30,0
30,106485,2,4,1,3,0.97,2,1,112877,0,0,56892,90,0
42,407778,2,9,1,8,0.98,6,19,114671,1,2,219822,30,0
43,120395,0,10,1,9,0.82,5,13,21220,0,2,148859,180,0
33,294840,3,2,1,1,0.78,1,20,37020,1,0,128441,30,1
36,70287,2,0,0,0,0.96,2,3,99733,0,0,427379,180,0
40,30336,0,1,1,0,0.88,0,5,163498,0,0,444657,90,0
58,216431,3,1,0,1,0.52,3,2,179274,0,0,230678,60,1
56,105483,0,8,0,8,0.91,4,4,194241,1,0,372486,30,1
57,138422,1,2,0,2,0.82,0,15,87541,0,2,333042,30,0
50,472818,2,8,3,5,0.85,6,13,146008,0,1,215031,180,0
37,446619,0,0,0,0,0.95,3,13,86659,0,1,450573,180,0
19,484655,3,1,0,1,0.91,7,18,61601,1,1,282916,30,1
26,161170,3,5,0,5,0.82,7,9,111732,1,0,269516,180,1
58,493418,2,10,2,8,0.86,6,17,153341,1,0,44125,90,0
62,158431,2,8,1,7,0.59,2,5,57025,0,2,303574,30,0
55,287644,0,0,0,0,0.95,3,17,159969,1,0,399611,60,1
60,445756,2,3,1,2,0.72,6,7,137101,0,2,264339,60,0
55,352654,2,2,2,0,0.66,0,13,20976,0,2,467512,90,0
63,339478,3,2,0,2,1.0,7,8,105586,0,0,64404,90,0
52,194841,1,8,0,8,0.72,4,11,110154,1,1,453070,30,1
27,144408,2,5,1,4,0.87,0,16,65994,1,0,118781,60,0
63,45288,1,7,1,6,0.95,2,11,57473,1,2,159975,30,1
60,164876,0,9,0,9,0.61,1,0,24669,1,2,331287,60,0
25,381509,3,10,3,7,0.85,7,5,195262,1,1,29032,30,0
41,308272,1,1,1,0,0.54,4,9,178429,1,0,260450,60,0
63,385839,2,5,3,2,0.65,3,5,11054,0,1,198644,90,0
26,27406,0,10,2,8,0.83,0,6,49596,1,2,403890,30,0
27,246326,1,7,3,4,0.92,2,10,46285,0,1,164644,180,0
20,297260,1,8,3,5,0.72,6,13,136278,0,1,367087,180,0
34,361890,2,4,1,3,0.8,4,6,138335,1,0,253778,180,0
47,262094,1,8,2,6,0.94,0,20,169004,0,2,294399,60,0
43,307432,2,4,3,1,0.53,7,12,17507,1,1,224003,180,0
61,79568,0,10,0,10,0.59,6,17,35153,1,1,191858,60,1
27,164216,2,7,1,6,0.51,6,13,64112,1,0,211848,180,1
41,282150,2,10,0,10,0.56,0,7,42112,0,2,229136,180,0
60,400714,2,8,3,5,0.71,6,8,39357,1,0,155047,90,0
25,20345,1,6,0,6,0.73,6,7,164499,1,2,200540,180,0
33,369341,2,2,0,2,0.59,4,14,1799,1,2,77190,90,1
18,472725,2,4,0,4,0.79,2,18,26290,0,0,307789,60,0
47,152232,1,4,0,4,0.6,4,14,97464,1,1,111759,180,0
21,414648,1,10,0,10,0.98,1,9,82164,1,2,319763,180,1
37,71513,2,9,0,9,0.7,5,16,94022,0,2,409334,60,0
23,453460,0,4,3,1,0.65,5,20,97147,0,1,195368,60,0
20,39656,3,4,2,2,0.6,0,11,90796,1,0,33066,180,0
63,74174,3,7,2,5,0.85,0,1,61267,1,0,124525,30,0
28,320324,2,7,2,5,0.95,7,17,114423,0,2,183025,90,0
37,494820,0,8,2,6,0.85,3,3,145419,1,0,395668,60,0
18,27894,2,3,0,3,0.85,2,12,143517,0,0,464384,60,0
31,438036,1,10,1,9,0.9,4,6,148783,1,0,65095,90,0
33,80517,2,4,3,1,0.79,3,17,63693,0,0,119601,90,0
19,88532,3,9,0,9,0.57,5,11,92234,1,1,271169,90,0
52,40446,2,9,2,7,0.53,5,13,52851,1,2,234646,180,0
56,272973,1,8,3,5,0.81,6,1,166252,1,2,163464,90,0
38,129774,1,9,3,6,0.58,0,19,12020,0,2,98434,60,0
60,112985,2,2,1,1,0.72,3,18,51559,0,1,319187,60,0
28,191479,1,10,3,7,0.52,1,5,20136,0,1,170854,90,0
30,222667,2,6,2,4,0.64,5,0,87303,1,0,300842,30,1
34,486644,2,1,1,0,0.91,0,4,170899,1,0,158870,90,0
29,103107,2,0,0,0,0.79,5,6,173548,1,2,128316,180,1
50,132326,3,1,0,1,0.68,3,12,27847,0,2,336920,30,0
34,104880,2,5,2,3,0.74,4,19,16222,1,2,289772,180,0
19,174343,0,2,2,0,0.84,4,14,151116,0,0,364889,60,0
43,498571,0,0,0,0,0.97,3,9,90798,0,0,355135,90,0
64,248682,0,3,0,3,0.68,4,2,126774,1,2,93294,180,0
48,453394,3,3,1,2,0.75,3,7,90475,1,0,165339,60,0
23,399967,1,8,3,5,0.65,1,17,179457,1,0,42073,60,1
37,491126,3,9,0,9,0.68,4,20,177662,1,1,403928,30,0
34,356135,2,0,0,0,0.59,0,16,41158,0,2,48614,30,0
46,443324,3,9,1,8,0.83,3,2,45999,1,0,184503,90,0
28,342953,3,6,1,5,0.95,6,15,162809,1,1,5787,90,0
50,370746,1,5,3,2,0.93,1,9,104958,1,2,70176,90,1
22,127584,3,9,2,7,0.51,6,8,20446,0,2,273045,180,0
58,473616,2,9,1,8,0.53,6,3,858,1,1,391631,180,0
56,275166,0,1,1,0,0.92,5,8,84592,1,1,134616,90,0
40,149214,1,10,3,7,0.53,4,2,33955,1,0,209794,60,0
46,187441,2,6,3,3,0.63,4,17,141645,0,0,181661,180,1
45,321644,1,3,3,0,0.92,7,20,95605,0,0,151644,60,1
22,457632,0,0,0,0,0.67,2,2,154558,1,1,270643,30,0
36,185633,0,9,1,8,0.8,0,1,47680,0,2,112319,60,0
58,69625,3,0,0,0,0.5,0,9,49727,0,0,493433,90,1
31,188327,2,8,3,5,0.68,6,11,73727,0,2,52883,90,0
19,446898,0,6,3,3,0.99,3,14,81319,0,2,495488,180,0
54,125973,2,3,0,3,0.55,6,11,18018,0,2,23091,60,0
35,80364,3,8,1,7,0.99,1,17,186779,0,1,375923,90,0
52,221062,1,8,0,8,0.54,2,2,65517,0,2,284871,90,1
56,72727,3,10,1,9,0.76,6,16,63606,0,1,468303,60,0
27,281274,0,7,1,6,0.78,4,13,61571,0,0,198701,60,0
18,243502,1,2,0,2,0.72,6,15,100873,1,2,18410,90,1
51,123252,1,9,3,6,0.58,4,6,38023,1,0,316748,30,0
58,177853,3,5,0,5,0.89,7,15,36034,0,2,438917,90,1
40,448404,2,10,3,7,0.54,4,4,197147,1,1,343255,180,0
20,355571,2,10,1,9,0.57,1,11,147182,0,2,56285,90,0
55,46702,1,6,2,4,0.92,1,20,92208,1,2,19880,60,0
59,175507,1,0,0,0,0.69,0,4,136988,1,0,41591,30,0
65,271051,2,6,0,6,0.75,6,5,120861,1,1,299739,30,1
56,393324,0,3,3,0,0.87,6,19,192112,1,2,203829,60,0
65,367653,1,0,0,0,0.81,1,7,175405,0,0,403243,30,1
48,382601,2,9,0,9,0.88,7,6,181553,0,0,327389,60,0
27,195798,1,9,0,9,0.81,7,7,30850,1,1,105804,90,1
44,352263,2,4,2,2,0.68,5,7,111873,0,2,392888,30,0
47,387162,1,4,2,2,0.66,2,13,129526,1,0,146760,30,0
25,323852,3,1,1,0,0.84,0,18,152097,0,1,84954,30,0
65,388986,2,9,1,8,0.66,6,20,66897,0,0,443816,90,0
25,144071,1,0,0,0,0.55,3,15,168003,1,0,21841,30,0
27,22791,0,5,2,3,0.98,7,6,18092,1,2,317781,30,0
48,261166,3,9,3,6,0.68,3,13,98553,1,2,284182,90,0
18,224258,0,8,0,8,0.92,6,20,83772,1,2,275948,180,1
26,279219,1,9,1,8,0.96,4,12,156504,1,2,54001,60,0
26,411380,2,1,0,1,0.63,2,12,181206,1,1,490693,90,0
54,131981,1,4,1,3,0.58,0,18,151936,1,1,221715,30,0
61,357436,2,9,1,8,0.56,1,9,180042,1,2,224299,180,0
53,239570,3,2,0,2,0.51,2,17,24508,1,2,176836,60,1
30,84766,2,3,1,2,0.96,5,14,91381,0,0,273017,60,0
59,49631,2,2,1,1,0.68,3,14,123581,0,2,469833,180,0
22,286082,0,5,2,3,0.73,2,13,150840,1,2,15649,60,1
49,30330,3,9,3,6,0.7,7,19,61918,1,1,174749,60,0
55,104930,0,0,0,0,0.64,3,13,144717,1,1,81381,180,0
43,275516,0,3,1,2,0.89,0,16,179921,0,0,244141,60,0
61,371512,3,9,2,7,0.59,4,7,149325,1,0,40062,180,0
25,442919,0,4,1,3,0.7,4,16,5265,1,2,207678,60,0
58,483784,3,9,3,6,0.6,0,1,12431,0,1,335091,60,0
44,442453,1,6,3,3,0.62,7,19,186609,1,2,421506,180,1
20,413358,0,5,3,2,0.56,3,15,195459,0,2,444966,180,0
64,496834,1,0,0,0,0.92,4,3,79453,1,2,123880,60,1
59,219155,0,9,1,8,0.84,1,14,13528,0,0,98574,90,1
56,315017,0,2,1,1,0.74,1,9,152587,0,2,370689,30,0
40,460109,1,10,1,9,0.95,4,3,21697,0,1,300722,60,0
34,27070,3,1,0,1,0.77,6,2,129309,1,2,158183,180,1
38,291136,3,8,2,6,0.82,2,7,120414,0,1,168415,180,1
49,358140,2,4,3,1,0.6,2,18,126367,0,2,44950,60,0
50,250644,1,6,3,3,0.58,6,19,142818,1,1,486209,60,0
23,380426,2,9,3,6,0.59,6,11,15604,0,1,220310,60,0
54,254376,0,10,0,10,0.89,0,12,133215,0,2,75705,60,0
45,52865,0,10,1,9,0.53,7,17,188709,1,2,145881,180,0
48,458727,2,9,1,8,0.92,7,8,64100,0,1,467824,30,1
50,228438,2,9,3,6,0.61,1,5,46514,1,2,434321,180,1
22,428300,1,5,0,5,0.86,5,1,63734,1,0,20627,180,1
62,448913,2,4,0,4,0.71,5,16,195297,0,1,229824,90,0
47,248593,3,0,0,0,0.88,1,10,126586,1,0,243927,90,1
26,400902,2,0,0,0,0.88,6,12,61412,1,0,131055,60,1
39,107549,1,6,2,4,0.79,4,5,152058,0,0,110389,90,0
26,400884,1,5,2,3,0.6,2,3,133088,0,0,206741,180,0
65,265575,1,5,2,3,0.56,4,6,14457,1,2,70470,180,0
52,280670,2,7,2,5,0.82,0,6,166762,1,1,201194,180,0
37,436144,1,0,0,0,0.79,0,3,161549,1,0,473964,60,1
63,453783,0,5,3,2,0.68,6,20,12343,0,1,382823,90,0
39,451462,2,7,0,7,0.63,1,10,193231,1,2,406708,30,0
43,377848,3,1,1,0,0.89,3,18,111992,1,0,253516,90,0
39,278635,1,5,0,5,0.9,0,1,144014,0,2,484719,90,0
45,163501,0,3,1,2,0.75,4,2,198234,0,2,31462,30,0
32,63778,3,4,3,1,0.81,2,18,120304,0,0,104008,180,0
37,71401,2,2,1,1,0.62,7,3,65984,0,2,337317,90,1
65,417782,2,4,1,3,0.73,5,14,74708,0,1,210708,60,1
30,277373,3,2,1,1,0.84,6,7,97547,1,1,317027,60,0
42,405575,3,6,0,6,0.77,3,8,103140,1,0,268193,180,1
56,83460,3,0,0,0,0.88,4,17,7642,1,2,399819,90,1
42,234847,3,10,0,10,0.64,6,9,142379,0,2,459975,180,1
53,112998,3,10,1,9,0.81,6,15,184208,0,0,172602,90,0
39,403378,2,1,1,0,0.58,3,9,182277,1,1,434772,30,0
63,374056,3,5,0,5,0.77,2,8,149059,1,0,260115,180,1
64,384544,3,9,1,8,0.84,5,2,158570,1,1,350611,60,0
33,195288,2,4,2,2,0.55,6,19,72870,0,0,470357,60,0
34,260884,2,6,3,3,0.99,0,13,43166,0,0,12709,60,0
63,24452,0,9,0,9,0.8,3,16,53123,0,2,278314,30,0
30,129554,0,5,2,3,0.67,1,12,130016,1,2,73545,60,0
34,487210,3,5,2,3,0.5,3,6,23144,0,1,219201,90,0
49,242681,0,9,2,7,0.53,2,9,10177,1,0,378324,90,0
19,237323,3,4,1,3,0.91,4,1,112679,0,2,308246,180,0
36,312073,1,8,3,5,0.82,5,1,141341,1,2,101542,30,0
53,434952,1,0,0,0,0.9,2,14,9033,0,2,59444,60,0
46,97854,2,4,1,3,0.73,3,10,90408,1,0,43136,180,0
40,20339,3,8,0,8,0.53,6,7,113672,0,2,477306,180,0
22,352428,1,3,0,3,0.97,0,4,107529,0,1,369169,90,0
55,434667,0,10,0,10,0.97,6,1,135532,0,2,294320,90,0
44,441508,3,9,0,9,0.74,0,20,38153,1,1,308004,30,1
36,466592,2,8,0,8,0.78,2,16,197855,1,1,286189,90,1
47,175360,2,9,3,6,0.95,0,0,131602,0,2,324026,90,0
45,156479,2,9,2,7,0.93,1,6,139623,1,2,296464,180,0
24,286015,2,1,0,1,0.86,4,18,4662,1,0,148824,180,0
39,351070,1,0,0,0,0.6,6,6,179801,0,1,322906,30,0
28,320492,0,0,0,0,0.57,4,0,179751,1,0,358975,60,0
51,321698,2,8,3,5,0.98,7,13,118691,1,0,333628,180,0
28,264949,3,8,0,8,0.52,5,8,171486,0,2,475269,90,0
55,75807,0,6,1,5,0.73,3,19,144187,0,2,384103,60,0
64,241885,3,10,1,9,0.93,0,17,4979,0,0,475619,30,0
60,348427,3,10,3,7,0.92,7,13,161482,0,2,127974,180,0
52,192779,3,4,2,2,0.55,6,17,67340,1,1,71847,30,0
35,72600,1,1,0,1,0.59,3,1,151215,1,1,275512,180,0
48,230591,2,6,0,6,0.56,5,15,16351,1,1,110843,30,0
22,289071,3,9,1,8,0.5,7,3,184629,0,1,364720,30,0
39,385024,0,10,0,10,0.8,1,7,71405,1,1,275240,60,1
49,310671,1,10,2,8,0.86,7,5,58466,0,0,477101,90,0
61,262273,2,1,1,0,0.51,3,20,1292,0,1,85844,180,0
43,452901,1,10,1,9,0.88,0,7,32840,0,1,437921,60,0
23,27858,1,7,2,5,0.61,2,0,64793,0,0,228275,90,0
58,414887,0,8,2,6,0.91,4,3,85972,0,2,288826,90,0
56,99205,0,4,1,3,0.93,3,6,62519,1,0,456552,30,0
28,221197,1,4,1,3,0.82,6,3,42285,1,2,406800,30,1
27,436920,0,3,0,3,0.69,7,18,46945,0,2,5163,30,1
25,188258,3,2,2,0,0.94,4,18,119041,0,1,132391,60,1
23,199597,1,1,0,1,0.77,6,7,54905,1,0,330245,60,1
33,126000,0,10,2,8,0.64,0,3,155645,1,2,271577,180,1
52,220815,2,7,0,7,0.57,2,9,77732,0,0,288224,90,0
47,438624,3,9,2,7,0.88,2,10,69390,0,0,290845,60,0
64,101022,0,0,0,0,0.65,2,8,82593,0,1,488453,90,0
54,107187,2,9,1,8,0.78,0,10,144460,1,0,278566,180,0
48,448117,2,6,2,4,0.97,5,17,62271,1,2,47889,90,0
33,189209,3,5,2,3,0.6,5,0,41340,0,0,336792,180,0
50,52486,2,7,3,4,0.64,6,3,52366,1,1,58781,90,0
34,334796,1,8,2,6,0.96,2,7,190222,1,1,342701,60,0
30,150414,3,8,0,8,0.51,0,20,82889,1,1,456792,60,0
55,210815,2,2,0,2,0.7,3,12,21835,0,1,60007,180,0
53,109561,2,5,1,4,0.99,2,0,56638,0,1,445721,90,0
20,481313,0,3,0,3,0.8,6,14,118932,1,0,114480,90,1
59,249090,1,6,0,6,0.72,7,12,123544,1,1,483563,30,1
32,196447,1,5,3,2,0.65,3,1,28263,1,2,11146,90,0
54,28188,2,4,2,2,0.77,2,9,71962,0,2,420762,60,0
52,325994,1,8,2,6,0.51,7,20,86976,0,2,67641,30,0
39,273727,3,10,0,10,0.76,1,10,140113,0,0,451270,180,0
38,173946,1,8,3,5,0.6,4,18,3569,1,1,203857,90,0
56,440248,3,9,1,8,0.87,5,7,71936,1,0,195504,90,1
63,190638,2,5,2,3,0.51,1,2,191939,1,2,394600,60,0
22,492481,2,9,3,6,0.66,4,3,93675,0,1,171280,90,0
29,413230,1,0,0,0,0.8,4,5,136043,1,0,361873,60,1
25,174542,1,2,1,1,0.8,4,4,97703,0,1,299362,30,1
61,141671,2,4,2,2,0.56,2,15,16186,1,0,359985,90,0
33,393007,2,4,3,1,0.59,5,1,184810,1,0,149234,30,0
25,288716,2,1,0,1,0.97,3,12,82520,1,0,457913,60,1
61,406196,2,7,2,5,0.95,5,4,106660,1,2,202200,180,0
56,400050,2,8,2,6,0.8,0,8,170832,1,1,405068,180,0
33,221952,2,4,2,2,0.76,4,13,100607,0,1,34799,30,0
55,379038,1,8,1,7,0.71,1,0,27953,0,2,177761,60,0
58,210165,1,8,0,8,0.58,7,17,158509,0,0,431570,60,0
64,402664,3,3,0,3,0.91,5,20,158535,0,2,300830,90,0
21,206399,3,0,0,0,0.58,5,15,30974,0,0,465947,30,0
62,461627,2,7,2,5,0.61,3,16,28147,1,1,353338,30,0
36,460067,3,9,0,9,0.98,7,16,113982,0,2,326736,90,0
52,290693,0,8,2,6,0.98,7,17,164066,1,0,306622,90,1
54,43397,3,1,1,0,0.66,7,4,77393,1,2,389789,180,0
21,279785,3,0,0,0,0.72,4,8,93342,0,2,479168,30,1
29,424949,2,3,1,2,0.78,3,3,15011,0,0,84805,60,0
26,497464,3,2,0,2,0.76,2,5,93563,1,2,376833,180,1
45,79278,3,9,1,8,0.99,6,20,34474,1,2,383714,180,0
46,231487,3,5,1,4,0.61,3,10,82072,0,1,128941,90,0
50,378547,1,7,0,7,0.96,4,5,67915,1,2,104363,60,1
56,319349,1,10,1,9,0.8,3,16,16364,1,1,111307,60,0
20,432516,0,10,2,8,0.75,0,8,161308,1,2,150517,90,0
51,268612,1,10,1,9,0.86,2,12,184564,0,2,19142,60,0
25,150212,0,3,0,3,0.72,2,6,176665,1,1,143665,30,1
29,366466,3,4,0,4,0.94,2,13,122133,0,0,410219,90,0
30,443690,1,7,2,5,0.54,0,1,151155,1,2,49001,60,0
34,422240,3,6,3,3,0.57,6,19,136670,0,1,127050,90,0
43,421747,3,4,3,1,0.6,6,20,180468,1,2,406340,60,1
58,31142,0,7,3,4,0.65,1,6,134308,1,0,107015,90,1
50,141576,1,1,1,0,0.53,6,3,56176,1,1,410307,60,1
42,174811,2,10,2,8,0.99,1,13,99985,1,0,477831,180,0
28,385525,3,6,1,5,0.61,3,14,158730,1,1,87162,180,1
59,496313,1,5,0,5,0.64,5,19,33032,0,1,335193,30,1
35,459337,0,4,1,3,0.51,4,20,173930,0,1,87407,30,0
34,335506,2,2,1,1,0.59,0,15,85345,1,1,153669,180,0
26,478411,3,0,0,0,0.85,7,14,28961,0,1,42320,90,0
32,289209,3,4,3,1,0.97,1,9,140930,0,1,482706,30,0
19,137869,1,5,2,3,0.79,0,10,68408,1,0,143901,180,0
60,154623,1,6,1,5,0.66,2,4,13520,0,2,195207,90,0
64,200243,3,4,3,1,0.52,0,15,35017,1,0,278705,90,0
53,235311,1,1,0,1,0.54,2,8,13666,1,1,196103,180,0
43,241788,1,6,1,5,0.62,0,15,72538,0,1,84412,30,1
39,293668,1,6,3,3,0.97,7,13,127337,0,0,245425,30,0
23,285154,1,7,3,4,0.62,7,17,143341,1,2,280862,180,0
54,244619,3,6,2,4,0.83,1,1,143397,1,2,344308,60,1
55,376975,2,8,2,6,0.62,1,15,194315,1,0,394942,90,0
30,170580,2,5,3,2,0.99,1,3,68888,1,2,240582,90,0
58,345555,3,10,1,9,0.54,7,4,80443,0,1,52420,90,0
62,420394,0,3,1,2,0.57,7,13,137391,1,0,18179,90,1
49,275446,3,8,0,8,0.77,7,11,165483,1,0,434144,180,1
45,206381,3,0,0,0,0.76,1,17,92865,0,1,185327,90,0
51,371895,3,2,1,1,0.51,0,11,105251,0,1,297583,90,0
28,95210,3,9,2,7,0.91,5,9,35203,1,0,341656,180,0
33,89189,0,9,3,6,0.78,2,2,75335,0,1,30285,90,0
36,213120,3,9,3,6,0.93,6,8,92196,1,1,210940,60,0
35,219126,2,9,1,8,0.51,2,17,108821,1,1,448891,90,0
60,499225,0,1,0,1,0.71,0,17,12346,1,2,295961,90,1
18,134471,0,5,0,5,0.86,0,9,143059,0,0,193318,30,0
21,208680,2,3,1,2,0.81,7,17,139010,1,2,428580,90,0
33,102672,2,1,1,0,0.69,6,8,121299,0,2,368741,60,0
35,67920,0,10,1,9,0.68,0,6,18109,0,1,34262,30,0
56,97815,0,3,2,1,0.81,5,20,163451,0,0,186335,30,0
23,54420,2,7,2,5,0.67,7,14,72992,1,1,59491,30,0
47,486617,1,2,1,1,0.7,7,2,29413,1,2,286601,180,1
48,335306,2,5,1,4,0.87,1,15,11927,0,1,360780,90,0
42,162822,0,5,2,3,0.67,4,14,186185,1,1,130234,30,0
47,140973,2,4,1,3,0.6,5,9,127855,0,1,124043,60,0
50,140873,3,1,0,1,0.97,0,19,127256,1,0,73093,30,1
35,446428,3,8,1,7,0.76,7,19,102416,0,2,23915,180,0
37,219289,0,4,2,2,0.76,2,4,87051,0,1,330366,30,1
23,449957,1,3,0,3,0.75,5,14,49132,1,0,269826,180,1
36,70337,2,1,0,1,0.77,6,13,6156,0,1,425214,30,1
19,487137,0,10,3,7,0.67,3,15,177963,1,0,228513,90,0
45,233331,1,2,0,2,0.84,3,13,30537,1,0,146223,90,1
55,74201,0,1,1,0,0.8,0,14,11097,0,2,384449,60,1
42,134569,3,5,1,4,0.55,0,1,93679,0,1,276219,60,0
48,430552,0,9,2,7,0.83,6,7,134239,0,1,357412,30,0
54,478028,0,2,1,1,0.54,5,9,142882,1,0,366420,180,0
21,120616,0,1,0,1,0.58,4,1,153349,1,1,421229,90,0
25,77221,2,5,3,2,0.63,0,16,46140,0,2,118534,60,0
20,395765,0,2,0,2,0.76,5,2,199792,0,2,22182,90,0
64,81418,0,0,0,0,0.86,6,17,80943,1,0,70411,60,1
39,409959,1,7,0,7,0.92,2,2,137323,1,2,253816,60,1
33,417666,1,1,0,1,0.88,2,14,120663,0,0,382145,60,1
49,293716,0,6,2,4,0.84,0,19,62029,1,0,419538,60,0
18,201124,1,1,1,0,0.8,2,17,196367,0,1,192371,180,0
31,32353,2,0,0,0,0.88,1,4,117692,0,1,68924,90,1
40,91054,2,10,0,10,0.74,1,12,151316,1,1,482152,60,1
42,422845,1,7,3,4,0.8,4,17,73969,1,1,462613,30,1
32,396923,3,4,0,4,0.91,3,4,4469,1,0,104451,30,0
64,31831,0,0,0,0,0.7,6,6,194022,0,0,37580,90,0
24,331153,3,6,0,6,0.68,2,18,16371,0,1,208989,90,0
39,133654,2,6,3,3,0.98,0,4,120047,1,2,144420,90,0
21,115655,3,3,0,3,0.74,2,10,161981,1,0,357067,180,1
40,438049,1,2,0,2,0.59,3,2,178080,0,2,183584,90,0
49,319785,0,4,0,4,0.91,6,9,131860,0,1,7032,180,1
36,388302,2,7,0,7,0.9,5,1,160818,0,0,210043,90,0
61,53793,0,6,2,4,0.63,2,16,197345,1,1,438849,180,0
29,456123,2,5,3,2,0.87,2,17,75264,0,0,432587,60,0
31,472631,0,7,2,5,0.94,6,16,160770,0,0,233313,90,1
26,468786,0,1,1,0,0.58,4,19,108252,1,0,101352,180,0
50,278068,0,2,1,1,0.68,1,14,172858,0,2,460491,30,0
60,85807,0,4,2,2,0.72,7,4,7675,1,2,451002,60,0
30,436988,2,4,3,1,0.52,3,11,34274,1,1,191710,30,0
